"Product name ","Short Description","Regular Price","Colour ","Collection","Collection Icon","Categories","MATERIAL CODE","Image URL"
"Wall Hung Toilet - 550 x 370 x 350 mm","550 x 370 x 350 mm, DUROPLAST SLIM SOFT CLOSE SEAT COVER","38000","TRUE WHITE","Celestia","https://kwebmakerdigitalagency.com/astral/wp-content/uploads/2022/06/celestia-1.png","Sanitaryware>Toilet> Wall Hung Toilet","ASWH7001TWSD","https://kwebmakerdigitalagency.com/astral/wp-content/uploads/2022/07/none_piece_toilet_cat.png || https://kwebmakerdigitalagency.com/astral/wp-content/uploads/2022/07/n2_piece_toilet_cat.png || https://kwebmakerdigitalagency.com/astral/wp-content/uploads/2022/07/nfloor_mounting.png || https://kwebmakerdigitalagency.com/astral/wp-content/uploads/2022/07/nwall_hung.png"
"Wall Hung Toilet - 520 x 360 x 360 mm","520 x 360 x 360 mm","34000","TRUE WHITE","Celestia","https://kwebmakerdigitalagency.com/astral/wp-content/uploads/2022/06/celestia-1.png","Sanitaryware>Toilet> Wall Hung Toilet","ASWH7002TWSD","https://kwebmakerdigitalagency.com/astral/wp-content/uploads/2022/07/none_piece_toilet_cat.png || https://kwebmakerdigitalagency.com/astral/wp-content/uploads/2022/07/n2_piece_toilet_cat.png || https://kwebmakerdigitalagency.com/astral/wp-content/uploads/2022/07/nfloor_mounting.png || https://kwebmakerdigitalagency.com/astral/wp-content/uploads/2022/07/nwall_hung.png"
"Wall Hung Toilet - 520 x 355 x 335 mm","520 x 355 x 335 mm","31000","TRUE WHITE","Celestia","https://kwebmakerdigitalagency.com/astral/wp-content/uploads/2022/06/celestia-1.png","Sanitaryware>Toilet> Wall Hung Toilet","ASWH7003TWSD","https://kwebmakerdigitalagency.com/astral/wp-content/uploads/2022/07/none_piece_toilet_cat.png || https://kwebmakerdigitalagency.com/astral/wp-content/uploads/2022/07/n2_piece_toilet_cat.png || https://kwebmakerdigitalagency.com/astral/wp-content/uploads/2022/07/nfloor_mounting.png || https://kwebmakerdigitalagency.com/astral/wp-content/uploads/2022/07/nwall_hung.png"
"Wall Hung Toilet - 545 x 360 x 340 mm","545 x 360 x 340 mm","17000","TRUE WHITE","Imperia","https://kwebmakerdigitalagency.com/astral/wp-content/uploads/2022/06/imperia.png","Sanitaryware>Toilet> Wall Hung Toilet","ASWH5005TWDS","https://kwebmakerdigitalagency.com/astral/wp-content/uploads/2022/07/none_piece_toilet_cat.png || https://kwebmakerdigitalagency.com/astral/wp-content/uploads/2022/07/n2_piece_toilet_cat.png || https://kwebmakerdigitalagency.com/astral/wp-content/uploads/2022/07/nfloor_mounting.png || https://kwebmakerdigitalagency.com/astral/wp-content/uploads/2022/07/nwall_hung.png"
"Wall Hung Toilet - 495 x 350 x 325 mm","495 x 350 x 325 mm","16000","TRUE WHITE","Imperia","https://kwebmakerdigitalagency.com/astral/wp-content/uploads/2022/06/imperia.png","Sanitaryware>Toilet> Wall Hung Toilet","ASWH5002TWSD","https://kwebmakerdigitalagency.com/astral/wp-content/uploads/2022/07/none_piece_toilet_cat.png || https://kwebmakerdigitalagency.com/astral/wp-content/uploads/2022/07/n2_piece_toilet_cat.png || https://kwebmakerdigitalagency.com/astral/wp-content/uploads/2022/07/nfloor_mounting.png || https://kwebmakerdigitalagency.com/astral/wp-content/uploads/2022/07/nwall_hung.png"
"Wall Hung Toilet - 540 x 365 x 340 mm","540 x 365 x 340 mm","15000","TRUE WHITE","Imperia","https://kwebmakerdigitalagency.com/astral/wp-content/uploads/2022/06/imperia.png","Sanitaryware>Toilet> Wall Hung Toilet","ASWH5001TWSD","https://kwebmakerdigitalagency.com/astral/wp-content/uploads/2022/07/none_piece_toilet_cat.png || https://kwebmakerdigitalagency.com/astral/wp-content/uploads/2022/07/n2_piece_toilet_cat.png || https://kwebmakerdigitalagency.com/astral/wp-content/uploads/2022/07/nfloor_mounting.png || https://kwebmakerdigitalagency.com/astral/wp-content/uploads/2022/07/nwall_hung.png"
"Wall Hung Toilet - 540 x 365 x 340 mm","540 x 365 x 340 mm","30000","BLACK MATT","Imperia","https://kwebmakerdigitalagency.com/astral/wp-content/uploads/2022/06/imperia.png","Sanitaryware>Toilet> Wall Hung Toilet","ASWH5001BMSD","https://kwebmakerdigitalagency.com/astral/wp-content/uploads/2022/07/none_piece_toilet_cat.png || https://kwebmakerdigitalagency.com/astral/wp-content/uploads/2022/07/n2_piece_toilet_cat.png || https://kwebmakerdigitalagency.com/astral/wp-content/uploads/2022/07/nfloor_mounting.png || https://kwebmakerdigitalagency.com/astral/wp-content/uploads/2022/07/nwall_hung.png"
"Wall Hung Toilet - 485 x 350 x 330 mm","485 x 350 x 330 mm","14000","TRUE WHITE","Imperia","https://kwebmakerdigitalagency.com/astral/wp-content/uploads/2022/06/imperia.png","Sanitaryware>Toilet> Wall Hung Toilet","ASWH5004TWSD","https://kwebmakerdigitalagency.com/astral/wp-content/uploads/2022/07/none_piece_toilet_cat.png || https://kwebmakerdigitalagency.com/astral/wp-content/uploads/2022/07/n2_piece_toilet_cat.png || https://kwebmakerdigitalagency.com/astral/wp-content/uploads/2022/07/nfloor_mounting.png || https://kwebmakerdigitalagency.com/astral/wp-content/uploads/2022/07/nwall_hung.png"
"Wall Hung Toilet - 520 x 360 x 355 mm","520 x 360 x 355 mm","13500","TRUE WHITE","Imperia","https://kwebmakerdigitalagency.com/astral/wp-content/uploads/2022/06/imperia.png","Sanitaryware>Toilet> Wall Hung Toilet","ASWH5003TWSD","https://kwebmakerdigitalagency.com/astral/wp-content/uploads/2022/07/none_piece_toilet_cat.png || https://kwebmakerdigitalagency.com/astral/wp-content/uploads/2022/07/n2_piece_toilet_cat.png || https://kwebmakerdigitalagency.com/astral/wp-content/uploads/2022/07/nfloor_mounting.png || https://kwebmakerdigitalagency.com/astral/wp-content/uploads/2022/07/nwall_hung.png"
"Wall Hung Toilet - 520 X 370 X 350 mm","520 X 370 X 350 mm","11500","TRUE WHITE","Premia","https://kwebmakerdigitalagency.com/astral/wp-content/uploads/2022/06/premia.png","Sanitaryware>Toilet> Wall Hung Toilet","ASWH3005TWSP","https://kwebmakerdigitalagency.com/astral/wp-content/uploads/2022/07/none_piece_toilet_cat.png || https://kwebmakerdigitalagency.com/astral/wp-content/uploads/2022/07/n2_piece_toilet_cat.png || https://kwebmakerdigitalagency.com/astral/wp-content/uploads/2022/07/nfloor_mounting.png || https://kwebmakerdigitalagency.com/astral/wp-content/uploads/2022/07/nwall_hung.png"
"Wall Hung Toilet - 495 x 355 x 345 mm","495 x 355 x 345 mm","10500","TRUE WHITE","Premia","https://kwebmakerdigitalagency.com/astral/wp-content/uploads/2022/06/premia.png","Sanitaryware>Toilet> Wall Hung Toilet","ASWH3003TWSD","https://kwebmakerdigitalagency.com/astral/wp-content/uploads/2022/07/none_piece_toilet_cat.png || https://kwebmakerdigitalagency.com/astral/wp-content/uploads/2022/07/n2_piece_toilet_cat.png || https://kwebmakerdigitalagency.com/astral/wp-content/uploads/2022/07/nfloor_mounting.png || https://kwebmakerdigitalagency.com/astral/wp-content/uploads/2022/07/nwall_hung.png"
"Wall Hung Toilet - 510 x 365 x 350 mm","510 x 365 x 350 mm","9000","TRUE WHITE","Premia","https://kwebmakerdigitalagency.com/astral/wp-content/uploads/2022/06/premia.png","Sanitaryware>Toilet> Wall Hung Toilet","ASWH3001TWSP","https://kwebmakerdigitalagency.com/astral/wp-content/uploads/2022/07/none_piece_toilet_cat.png || https://kwebmakerdigitalagency.com/astral/wp-content/uploads/2022/07/n2_piece_toilet_cat.png || https://kwebmakerdigitalagency.com/astral/wp-content/uploads/2022/07/nfloor_mounting.png || https://kwebmakerdigitalagency.com/astral/wp-content/uploads/2022/07/nwall_hung.png"
"Wall Hung Toilet - 515 x 340 x 350 mm","515 x 340 x 350 mm","10000","TRUE WHITE","Premia","https://kwebmakerdigitalagency.com/astral/wp-content/uploads/2022/06/premia.png","Sanitaryware>Toilet> Wall Hung Toilet","ASWH3002TWSP","https://kwebmakerdigitalagency.com/astral/wp-content/uploads/2022/07/none_piece_toilet_cat.png || https://kwebmakerdigitalagency.com/astral/wp-content/uploads/2022/07/n2_piece_toilet_cat.png || https://kwebmakerdigitalagency.com/astral/wp-content/uploads/2022/07/nfloor_mounting.png || https://kwebmakerdigitalagency.com/astral/wp-content/uploads/2022/07/nwall_hung.png"
"Wall Hung Toilet - 495 x 365 x 375 mm","495 x 365 x 375 mm","8000","TRUE WHITE","Gloria","https://kwebmakerdigitalagency.com/astral/wp-content/uploads/2022/06/gloria.png","Sanitaryware>Toilet> Wall Hung Toilet","ASWH1002TWSP","https://kwebmakerdigitalagency.com/astral/wp-content/uploads/2022/07/none_piece_toilet_cat.png || https://kwebmakerdigitalagency.com/astral/wp-content/uploads/2022/07/n2_piece_toilet_cat.png || https://kwebmakerdigitalagency.com/astral/wp-content/uploads/2022/07/nfloor_mounting.png || https://kwebmakerdigitalagency.com/astral/wp-content/uploads/2022/07/nwall_hung.png"
"Wall Hung Toilet - 510 x 355 x 350 mm","510 x 355 x 350 mm","6500","TRUE WHITE","Gloria","https://kwebmakerdigitalagency.com/astral/wp-content/uploads/2022/06/gloria.png","Sanitaryware>Toilet> Wall Hung Toilet","ASWH1001TWSP","https://kwebmakerdigitalagency.com/astral/wp-content/uploads/2022/07/none_piece_toilet_cat.png || https://kwebmakerdigitalagency.com/astral/wp-content/uploads/2022/07/n2_piece_toilet_cat.png || https://kwebmakerdigitalagency.com/astral/wp-content/uploads/2022/07/nfloor_mounting.png || https://kwebmakerdigitalagency.com/astral/wp-content/uploads/2022/07/nwall_hung.png"
"Table top basin - 600 x 400 x 140 mm","600 X 400 X 140 mm","20000","TRUE WHITE","Celestia ","https://kwebmakerdigitalagency.com/astral/wp-content/uploads/2022/06/celestia-1.png","Sanitaryware>Basins>Table Top Basins","ASTT7002TWXX","https://kwebmakerdigitalagency.com/astral/wp-content/uploads/2022/07/none_piece_toilet_cat.png || https://kwebmakerdigitalagency.com/astral/wp-content/uploads/2022/07/n2_piece_toilet_cat.png || https://kwebmakerdigitalagency.com/astral/wp-content/uploads/2022/07/nfloor_mounting.png || https://kwebmakerdigitalagency.com/astral/wp-content/uploads/2022/07/nwall_hung.png"
"Table top basin - 600 x 400 x 140 mm","600 X 400 X 140 mm","20000","TRUE WHITE","Celestia ","https://kwebmakerdigitalagency.com/astral/wp-content/uploads/2022/06/celestia-1.png","Sanitaryware>Basins>Table Top Basins","ASTT7001TWXX","https://kwebmakerdigitalagency.com/astral/wp-content/uploads/2022/07/none_piece_toilet_cat.png || https://kwebmakerdigitalagency.com/astral/wp-content/uploads/2022/07/n2_piece_toilet_cat.png || https://kwebmakerdigitalagency.com/astral/wp-content/uploads/2022/07/nfloor_mounting.png || https://kwebmakerdigitalagency.com/astral/wp-content/uploads/2022/07/nwall_hung.png"
"Table top basin - 400 x 400 x 120 mm ","400 x 400 x 120 mm ","13000","TRUE WHITE","Celestia ","https://kwebmakerdigitalagency.com/astral/wp-content/uploads/2022/06/celestia-1.png","Sanitaryware>Basins>Table Top Basins","ASTT7003TWXX","https://kwebmakerdigitalagency.com/astral/wp-content/uploads/2022/07/none_piece_toilet_cat.png || https://kwebmakerdigitalagency.com/astral/wp-content/uploads/2022/07/n2_piece_toilet_cat.png || https://kwebmakerdigitalagency.com/astral/wp-content/uploads/2022/07/nfloor_mounting.png || https://kwebmakerdigitalagency.com/astral/wp-content/uploads/2022/07/nwall_hung.png"
"Table top basin - 400 x 400 x 155 mm ","400 x 400 x 155 mm ","13000","TRUE WHITE","Celestia ","https://kwebmakerdigitalagency.com/astral/wp-content/uploads/2022/06/celestia-1.png","Sanitaryware>Basins>Table Top Basins","ASTT7004TWXX","https://kwebmakerdigitalagency.com/astral/wp-content/uploads/2022/07/none_piece_toilet_cat.png || https://kwebmakerdigitalagency.com/astral/wp-content/uploads/2022/07/n2_piece_toilet_cat.png || https://kwebmakerdigitalagency.com/astral/wp-content/uploads/2022/07/nfloor_mounting.png || https://kwebmakerdigitalagency.com/astral/wp-content/uploads/2022/07/nwall_hung.png"
"Table top basin - 700 x 370 x 145 mm ","700 x 370 x 145 mm ","9500","TRUE WHITE","Imperia","https://kwebmakerdigitalagency.com/astral/wp-content/uploads/2022/06/imperia.png","Sanitaryware>Basins>Table Top Basins","ASTT5008TWXX","https://kwebmakerdigitalagency.com/astral/wp-content/uploads/2022/07/none_piece_toilet_cat.png || https://kwebmakerdigitalagency.com/astral/wp-content/uploads/2022/07/n2_piece_toilet_cat.png || https://kwebmakerdigitalagency.com/astral/wp-content/uploads/2022/07/nfloor_mounting.png || https://kwebmakerdigitalagency.com/astral/wp-content/uploads/2022/07/nwall_hung.png"
"Table top basin - 550x 400 x 125 mm","550x 400 x 125 mm","8000","TRUE WHITE","Imperia","https://kwebmakerdigitalagency.com/astral/wp-content/uploads/2022/06/imperia.png","Sanitaryware>Basins>Table Top Basins","ASTT5004TWXX","https://kwebmakerdigitalagency.com/astral/wp-content/uploads/2022/07/none_piece_toilet_cat.png || https://kwebmakerdigitalagency.com/astral/wp-content/uploads/2022/07/n2_piece_toilet_cat.png || https://kwebmakerdigitalagency.com/astral/wp-content/uploads/2022/07/nfloor_mounting.png || https://kwebmakerdigitalagency.com/astral/wp-content/uploads/2022/07/nwall_hung.png"
"Table top basin - 485 x 370 x 140 mm","485 x 370 x 140 mm","7500","TRUE WHITE","Imperia","https://kwebmakerdigitalagency.com/astral/wp-content/uploads/2022/06/imperia.png","Sanitaryware>Basins>Table Top Basins","ASTT5002TWXX","https://kwebmakerdigitalagency.com/astral/wp-content/uploads/2022/07/none_piece_toilet_cat.png || https://kwebmakerdigitalagency.com/astral/wp-content/uploads/2022/07/n2_piece_toilet_cat.png || https://kwebmakerdigitalagency.com/astral/wp-content/uploads/2022/07/nfloor_mounting.png || https://kwebmakerdigitalagency.com/astral/wp-content/uploads/2022/07/nwall_hung.png"
"Table top basin - 485 x 370 x 140 mm","485 x 370 x 140 mm","9400","BLACK MATT","Imperia","https://kwebmakerdigitalagency.com/astral/wp-content/uploads/2022/06/imperia.png","Sanitaryware>Basins>Table Top Basins","ASTT5002BMXX","https://kwebmakerdigitalagency.com/astral/wp-content/uploads/2022/07/none_piece_toilet_cat.png || https://kwebmakerdigitalagency.com/astral/wp-content/uploads/2022/07/n2_piece_toilet_cat.png || https://kwebmakerdigitalagency.com/astral/wp-content/uploads/2022/07/nfloor_mounting.png || https://kwebmakerdigitalagency.com/astral/wp-content/uploads/2022/07/nwall_hung.png"
"Table top basin - 545 x 350 x 115 mm","545 x 350 x 115 mm","7500","TRUE WHITE","Imperia","https://kwebmakerdigitalagency.com/astral/wp-content/uploads/2022/06/imperia.png","Sanitaryware>Basins>Table Top Basins","ASTT5012TWXX","https://kwebmakerdigitalagency.com/astral/wp-content/uploads/2022/07/none_piece_toilet_cat.png || https://kwebmakerdigitalagency.com/astral/wp-content/uploads/2022/07/n2_piece_toilet_cat.png || https://kwebmakerdigitalagency.com/astral/wp-content/uploads/2022/07/nfloor_mounting.png || https://kwebmakerdigitalagency.com/astral/wp-content/uploads/2022/07/nwall_hung.png"
"Table top basin - 492 x 400 x 145 mm ","492 x 400 x 145 mm ","7000","TRUE WHITE","Imperia","https://kwebmakerdigitalagency.com/astral/wp-content/uploads/2022/06/imperia.png","Sanitaryware>Basins>Table Top Basins","ASTT5009TWXX","https://kwebmakerdigitalagency.com/astral/wp-content/uploads/2022/07/none_piece_toilet_cat.png || https://kwebmakerdigitalagency.com/astral/wp-content/uploads/2022/07/n2_piece_toilet_cat.png || https://kwebmakerdigitalagency.com/astral/wp-content/uploads/2022/07/nfloor_mounting.png || https://kwebmakerdigitalagency.com/astral/wp-content/uploads/2022/07/nwall_hung.png"
"Table top basin - 555 x 350 x 115 mm ","555 x 350 x 115 mm ","7000","TRUE WHITE","Imperia","https://kwebmakerdigitalagency.com/astral/wp-content/uploads/2022/06/imperia.png","Sanitaryware>Basins>Table Top Basins","ASTT5001TWXX","https://kwebmakerdigitalagency.com/astral/wp-content/uploads/2022/07/none_piece_toilet_cat.png || https://kwebmakerdigitalagency.com/astral/wp-content/uploads/2022/07/n2_piece_toilet_cat.png || https://kwebmakerdigitalagency.com/astral/wp-content/uploads/2022/07/nfloor_mounting.png || https://kwebmakerdigitalagency.com/astral/wp-content/uploads/2022/07/nwall_hung.png"
"Table top basin - 555 x 350 x 115 mm ","555 x 350 x 115 mm ","8750","BLACK MATT","Imperia","https://kwebmakerdigitalagency.com/astral/wp-content/uploads/2022/06/imperia.png","Sanitaryware>Basins>Table Top Basins","ASTT5001BMXX","https://kwebmakerdigitalagency.com/astral/wp-content/uploads/2022/07/none_piece_toilet_cat.png || https://kwebmakerdigitalagency.com/astral/wp-content/uploads/2022/07/n2_piece_toilet_cat.png || https://kwebmakerdigitalagency.com/astral/wp-content/uploads/2022/07/nfloor_mounting.png || https://kwebmakerdigitalagency.com/astral/wp-content/uploads/2022/07/nwall_hung.png"
"Table top basin - 495 x 325 x 130 mm ","495 x 325 x 130 mm ","7000","TRUE WHITE","Imperia","https://kwebmakerdigitalagency.com/astral/wp-content/uploads/2022/06/imperia.png","Sanitaryware>Basins>Table Top Basins","ASTT5005TWXX","https://kwebmakerdigitalagency.com/astral/wp-content/uploads/2022/07/none_piece_toilet_cat.png || https://kwebmakerdigitalagency.com/astral/wp-content/uploads/2022/07/n2_piece_toilet_cat.png || https://kwebmakerdigitalagency.com/astral/wp-content/uploads/2022/07/nfloor_mounting.png || https://kwebmakerdigitalagency.com/astral/wp-content/uploads/2022/07/nwall_hung.png"
"Table top basin - 495 x 325 x 130 mm ","495 x 325 x 130 mm ","8750","BLACK MATT","Imperia","https://kwebmakerdigitalagency.com/astral/wp-content/uploads/2022/06/imperia.png","Sanitaryware>Basins>Table Top Basins","ASTT5005BMXX","https://kwebmakerdigitalagency.com/astral/wp-content/uploads/2022/07/none_piece_toilet_cat.png || https://kwebmakerdigitalagency.com/astral/wp-content/uploads/2022/07/n2_piece_toilet_cat.png || https://kwebmakerdigitalagency.com/astral/wp-content/uploads/2022/07/nfloor_mounting.png || https://kwebmakerdigitalagency.com/astral/wp-content/uploads/2022/07/nwall_hung.png"
"Table top basin - 500 x 385 x 130 mm","500 x 385 x 130 mm","6500","TRUE WHITE","Imperia","https://kwebmakerdigitalagency.com/astral/wp-content/uploads/2022/06/imperia.png","Sanitaryware>Basins>Table Top Basins","ASTT5007TWXX","https://kwebmakerdigitalagency.com/astral/wp-content/uploads/2022/07/none_piece_toilet_cat.png || https://kwebmakerdigitalagency.com/astral/wp-content/uploads/2022/07/n2_piece_toilet_cat.png || https://kwebmakerdigitalagency.com/astral/wp-content/uploads/2022/07/nfloor_mounting.png || https://kwebmakerdigitalagency.com/astral/wp-content/uploads/2022/07/nwall_hung.png"
"Table top basin - 410 x 410 x 140 mm ","410 x 410 x 140 mm ","6200","TRUE WHITE","Imperia","https://kwebmakerdigitalagency.com/astral/wp-content/uploads/2022/06/imperia.png","Sanitaryware>Basins>Table Top Basins","ASTT5010TWXX","https://kwebmakerdigitalagency.com/astral/wp-content/uploads/2022/07/none_piece_toilet_cat.png || https://kwebmakerdigitalagency.com/astral/wp-content/uploads/2022/07/n2_piece_toilet_cat.png || https://kwebmakerdigitalagency.com/astral/wp-content/uploads/2022/07/nfloor_mounting.png || https://kwebmakerdigitalagency.com/astral/wp-content/uploads/2022/07/nwall_hung.png"
"Table top basin - 360 x 360 x 115 mm ","360 x 360 x 115 mm ","6000","TRUE WHITE","Imperia","https://kwebmakerdigitalagency.com/astral/wp-content/uploads/2022/06/imperia.png","Sanitaryware>Basins>Table Top Basins","ASTT5011TWXX","https://kwebmakerdigitalagency.com/astral/wp-content/uploads/2022/07/none_piece_toilet_cat.png || https://kwebmakerdigitalagency.com/astral/wp-content/uploads/2022/07/n2_piece_toilet_cat.png || https://kwebmakerdigitalagency.com/astral/wp-content/uploads/2022/07/nfloor_mounting.png || https://kwebmakerdigitalagency.com/astral/wp-content/uploads/2022/07/nwall_hung.png"
"Table top basin - 465 x 410 x 105 mm ","465 x 410 x 105 mm ","6000","TRUE WHITE","Imperia","https://kwebmakerdigitalagency.com/astral/wp-content/uploads/2022/06/imperia.png","Sanitaryware>Basins>Table Top Basins","ASTT5003TWXX","https://kwebmakerdigitalagency.com/astral/wp-content/uploads/2022/07/none_piece_toilet_cat.png || https://kwebmakerdigitalagency.com/astral/wp-content/uploads/2022/07/n2_piece_toilet_cat.png || https://kwebmakerdigitalagency.com/astral/wp-content/uploads/2022/07/nfloor_mounting.png || https://kwebmakerdigitalagency.com/astral/wp-content/uploads/2022/07/nwall_hung.png"
"Table top basin - 500 x 385 x 110 mm","500 X 385 X 110 mm","5200","TRUE WHITE","Imperia","https://kwebmakerdigitalagency.com/astral/wp-content/uploads/2022/06/imperia.png","Sanitaryware>Basins>Table Top Basins","ASTT5006TWXX","https://kwebmakerdigitalagency.com/astral/wp-content/uploads/2022/07/none_piece_toilet_cat.png || https://kwebmakerdigitalagency.com/astral/wp-content/uploads/2022/07/n2_piece_toilet_cat.png || https://kwebmakerdigitalagency.com/astral/wp-content/uploads/2022/07/nfloor_mounting.png || https://kwebmakerdigitalagency.com/astral/wp-content/uploads/2022/07/nwall_hung.png"
"Table top basin - 480 x 380 x 145 mm ","480 x 380 x 145 mm ","7000","TRUE WHITE","Premia","https://kwebmakerdigitalagency.com/astral/wp-content/uploads/2022/06/premia.png","Sanitaryware>Basins>Table Top Basins","ASTT3001TWXX","https://kwebmakerdigitalagency.com/astral/wp-content/uploads/2022/07/none_piece_toilet_cat.png || https://kwebmakerdigitalagency.com/astral/wp-content/uploads/2022/07/n2_piece_toilet_cat.png || https://kwebmakerdigitalagency.com/astral/wp-content/uploads/2022/07/nfloor_mounting.png || https://kwebmakerdigitalagency.com/astral/wp-content/uploads/2022/07/nwall_hung.png"
"Table top basin - 385 x 385 x 130 mm","385 x 385 x 130 mm","4800","TRUE WHITE","Premia","https://kwebmakerdigitalagency.com/astral/wp-content/uploads/2022/06/premia.png","Sanitaryware>Basins>Table Top Basins","ASTT3003TWXX","https://kwebmakerdigitalagency.com/astral/wp-content/uploads/2022/07/none_piece_toilet_cat.png || https://kwebmakerdigitalagency.com/astral/wp-content/uploads/2022/07/n2_piece_toilet_cat.png || https://kwebmakerdigitalagency.com/astral/wp-content/uploads/2022/07/nfloor_mounting.png || https://kwebmakerdigitalagency.com/astral/wp-content/uploads/2022/07/nwall_hung.png"
"Table top basin - 385 x 385 x 130 mm","385 x 385 x 130 mm","6000","BLACK MATT","Premia","https://kwebmakerdigitalagency.com/astral/wp-content/uploads/2022/06/premia.png","Sanitaryware>Basins>Table Top Basins","ASTT3003BMXX","https://kwebmakerdigitalagency.com/astral/wp-content/uploads/2022/07/none_piece_toilet_cat.png || https://kwebmakerdigitalagency.com/astral/wp-content/uploads/2022/07/n2_piece_toilet_cat.png || https://kwebmakerdigitalagency.com/astral/wp-content/uploads/2022/07/nfloor_mounting.png || https://kwebmakerdigitalagency.com/astral/wp-content/uploads/2022/07/nwall_hung.png"
"Table top basin - 440 x 375 x 125 mm","440 x 375 x 125 mm","4000","TRUE WHITE","Premia","https://kwebmakerdigitalagency.com/astral/wp-content/uploads/2022/06/premia.png","Sanitaryware>Basins>Table Top Basins","ASTT3004TWXX","https://kwebmakerdigitalagency.com/astral/wp-content/uploads/2022/07/none_piece_toilet_cat.png || https://kwebmakerdigitalagency.com/astral/wp-content/uploads/2022/07/n2_piece_toilet_cat.png || https://kwebmakerdigitalagency.com/astral/wp-content/uploads/2022/07/nfloor_mounting.png || https://kwebmakerdigitalagency.com/astral/wp-content/uploads/2022/07/nwall_hung.png"
"Table top basin - 340 x 455 x 110 mm","340 x 455 x 110 mm","3800","TRUE WHITE","Premia","https://kwebmakerdigitalagency.com/astral/wp-content/uploads/2022/06/premia.png","Sanitaryware>Basins>Table Top Basins","ASTT3002TWXX","https://kwebmakerdigitalagency.com/astral/wp-content/uploads/2022/07/none_piece_toilet_cat.png || https://kwebmakerdigitalagency.com/astral/wp-content/uploads/2022/07/n2_piece_toilet_cat.png || https://kwebmakerdigitalagency.com/astral/wp-content/uploads/2022/07/nfloor_mounting.png || https://kwebmakerdigitalagency.com/astral/wp-content/uploads/2022/07/nwall_hung.png"
"Table top basin - 405 x 405 x 110 mm","405 x 405 x 110 mm","3700","TRUE WHITE","Premia","https://kwebmakerdigitalagency.com/astral/wp-content/uploads/2022/06/premia.png","Sanitaryware>Basins>Table Top Basins","ASTT3005TWXX","https://kwebmakerdigitalagency.com/astral/wp-content/uploads/2022/07/none_piece_toilet_cat.png || https://kwebmakerdigitalagency.com/astral/wp-content/uploads/2022/07/n2_piece_toilet_cat.png || https://kwebmakerdigitalagency.com/astral/wp-content/uploads/2022/07/nfloor_mounting.png || https://kwebmakerdigitalagency.com/astral/wp-content/uploads/2022/07/nwall_hung.png"
"Table top basin - 385 x 385 x 115 mm","385 x 385 x 115 mm","3200","TRUE WHITE","Premia","https://kwebmakerdigitalagency.com/astral/wp-content/uploads/2022/06/premia.png","Sanitaryware>Basins>Table Top Basins","ASTT3007TWXX","https://kwebmakerdigitalagency.com/astral/wp-content/uploads/2022/07/none_piece_toilet_cat.png || https://kwebmakerdigitalagency.com/astral/wp-content/uploads/2022/07/n2_piece_toilet_cat.png || https://kwebmakerdigitalagency.com/astral/wp-content/uploads/2022/07/nfloor_mounting.png || https://kwebmakerdigitalagency.com/astral/wp-content/uploads/2022/07/nwall_hung.png"
"Table top basin - 400 x 400 x 120 mm","400 x 400 x 120 mm","3500","TRUE WHITE","Premia","https://kwebmakerdigitalagency.com/astral/wp-content/uploads/2022/06/premia.png","Sanitaryware>Basins>Table Top Basins","ASTT3008TWXX","https://kwebmakerdigitalagency.com/astral/wp-content/uploads/2022/07/none_piece_toilet_cat.png || https://kwebmakerdigitalagency.com/astral/wp-content/uploads/2022/07/n2_piece_toilet_cat.png || https://kwebmakerdigitalagency.com/astral/wp-content/uploads/2022/07/nfloor_mounting.png || https://kwebmakerdigitalagency.com/astral/wp-content/uploads/2022/07/nwall_hung.png"
"Table top basin - 360 x 360 x 150 mm ","360 x 360 x 150 mm ","2700","TRUE WHITE","Premia","https://kwebmakerdigitalagency.com/astral/wp-content/uploads/2022/06/premia.png","Sanitaryware>Basins>Table Top Basins","ASTT3006TWXX","https://kwebmakerdigitalagency.com/astral/wp-content/uploads/2022/07/none_piece_toilet_cat.png || https://kwebmakerdigitalagency.com/astral/wp-content/uploads/2022/07/n2_piece_toilet_cat.png || https://kwebmakerdigitalagency.com/astral/wp-content/uploads/2022/07/nfloor_mounting.png || https://kwebmakerdigitalagency.com/astral/wp-content/uploads/2022/07/nwall_hung.png"
"Table top basin - 350 x 350 x 140 mm ","350 x 350 x 140 mm ","2500","TRUE WHITE","Gloria","https://kwebmakerdigitalagency.com/astral/wp-content/uploads/2022/06/gloria.png","Sanitaryware>Basins>Table Top Basins","ASTT1001TWXX","https://kwebmakerdigitalagency.com/astral/wp-content/uploads/2022/07/none_piece_toilet_cat.png || https://kwebmakerdigitalagency.com/astral/wp-content/uploads/2022/07/n2_piece_toilet_cat.png || https://kwebmakerdigitalagency.com/astral/wp-content/uploads/2022/07/nfloor_mounting.png || https://kwebmakerdigitalagency.com/astral/wp-content/uploads/2022/07/nwall_hung.png"
"Table top basin - 350 x 350 x 140 mm ","350 x 350 x 140 mm ","2300","TRUE WHITE","Gloria","https://kwebmakerdigitalagency.com/astral/wp-content/uploads/2022/06/gloria.png","Sanitaryware>Basins>Table Top Basins","ASTT1002TWXX","https://kwebmakerdigitalagency.com/astral/wp-content/uploads/2022/07/none_piece_toilet_cat.png || https://kwebmakerdigitalagency.com/astral/wp-content/uploads/2022/07/n2_piece_toilet_cat.png || https://kwebmakerdigitalagency.com/astral/wp-content/uploads/2022/07/nfloor_mounting.png || https://kwebmakerdigitalagency.com/astral/wp-content/uploads/2022/07/nwall_hung.png"
" Floor Mounted Toilets - 540 x 360 x 390 mm","540 x 360 x 390 mm, S-TRAP","2800","TRUE WHITE","Gloria ","https://kwebmakerdigitalagency.com/astral/wp-content/uploads/2022/06/gloria.png","Sanitaryware>Toilet>Floor Mounted Toilets","ASFM1001TWSN","https://kwebmakerdigitalagency.com/astral/wp-content/uploads/2022/07/none_piece_toilet_cat.png || https://kwebmakerdigitalagency.com/astral/wp-content/uploads/2022/07/n2_piece_toilet_cat.png || https://kwebmakerdigitalagency.com/astral/wp-content/uploads/2022/07/nfloor_mounting.png || https://kwebmakerdigitalagency.com/astral/wp-content/uploads/2022/07/nwall_hung.png"
" Floor Mounted Toilets - 470 x 360 x 390 mm ","470 x 360 x 390 mm , P-180 MM ","2800","TRUE WHITE","Gloria ","https://kwebmakerdigitalagency.com/astral/wp-content/uploads/2022/06/gloria.png","Sanitaryware>Toilet>Floor Mounted Toilets","ASFM1006TWSN","https://kwebmakerdigitalagency.com/astral/wp-content/uploads/2022/07/none_piece_toilet_cat.png || https://kwebmakerdigitalagency.com/astral/wp-content/uploads/2022/07/n2_piece_toilet_cat.png || https://kwebmakerdigitalagency.com/astral/wp-content/uploads/2022/07/nfloor_mounting.png || https://kwebmakerdigitalagency.com/astral/wp-content/uploads/2022/07/nwall_hung.png"
" Floor Mounted Toilets - 530 x 360 x 390 mm","530 x 360 x 390 mm","3800","TRUE WHITE","Premia","https://kwebmakerdigitalagency.com/astral/wp-content/uploads/2022/06/premia.png","Sanitaryware>Toilet>Floor Mounted Toilets","ASFM3001TWPN","https://kwebmakerdigitalagency.com/astral/wp-content/uploads/2022/07/none_piece_toilet_cat.png || https://kwebmakerdigitalagency.com/astral/wp-content/uploads/2022/07/n2_piece_toilet_cat.png || https://kwebmakerdigitalagency.com/astral/wp-content/uploads/2022/07/nfloor_mounting.png || https://kwebmakerdigitalagency.com/astral/wp-content/uploads/2022/07/nwall_hung.png"
" Floor Mounted Toilets - 505 x 340 x 390 mm","505 x 340 x 390 mm","3800","TRUE WHITE","Premia","https://kwebmakerdigitalagency.com/astral/wp-content/uploads/2022/06/premia.png","Sanitaryware>Toilet>Floor Mounted Toilets","ASFM3006TWSN","https://kwebmakerdigitalagency.com/astral/wp-content/uploads/2022/07/none_piece_toilet_cat.png || https://kwebmakerdigitalagency.com/astral/wp-content/uploads/2022/07/n2_piece_toilet_cat.png || https://kwebmakerdigitalagency.com/astral/wp-content/uploads/2022/07/nfloor_mounting.png || https://kwebmakerdigitalagency.com/astral/wp-content/uploads/2022/07/nwall_hung.png"
