"Product name ","Short Description","Regular Price","SKU","Attr - Flow Type","Attr - Flow Type Value","Attr - Material Type Name","Attr -  Material Type  Value","Attr - Colour","Attr - Colour Value","Collection Icon","Collection","Ranges","Categories","Image URL"
" Concealed Body of Single Lever Diverter - 40 mm Cartridge","","3400","AF901001CHBR","Flow Type","","Material Type","","Colour ","","","","","Faucets>Concealed Parts ","https://astralbathware.com/staging/wp-content/uploads/2022/08/D2-AF720201CHBR-Basin-M.png  ||  https://astralbathware.com/staging/wp-content/uploads/2022/08/D2-AF720201CHBR-Basin-M.png "
" Concealed Body of High Flow Diverter - 45 mm Cartridge","","3900","AF901021CHBR","Flow Type","","Material Type","","Colour ","","","","","Faucets>Concealed Parts ","https://astralbathware.com/staging/wp-content/uploads/2022/08/D2-AF720201CHBR-Basin-M.png  ||  https://astralbathware.com/staging/wp-content/uploads/2022/08/D2-AF720201CHBR-Basin-M.png "
" Concealed Body of 3 Inlet Diverter","","4700","AF901012CHBR","Flow Type","","Material Type","","Colour ","","","","","Faucets>Concealed Parts ","https://astralbathware.com/staging/wp-content/uploads/2022/08/D2-AF720201CHBR-Basin-M.png  ||  https://astralbathware.com/staging/wp-content/uploads/2022/08/D2-AF720201CHBR-Basin-M.png "
" Concealed Body of Wall Mounted Single Lever Basin Mixer - 35 mm Cartridge","","3350","AF901011CHBR","Flow Type","","Material Type","","Colour ","","","","","Faucets>Concealed Parts ","https://astralbathware.com/staging/wp-content/uploads/2022/08/D2-AF720201CHBR-Basin-M.png  ||  https://astralbathware.com/staging/wp-content/uploads/2022/08/D2-AF720201CHBR-Basin-M.png "
" Concealed Body of Wall Mounted basin cock with Spout and Operating Lever","","2000","AF900911CHBR","Flow Type","","Material Type","","Colour ","","","","","Faucets>Concealed Parts ","https://astralbathware.com/staging/wp-content/uploads/2022/08/D2-AF720201CHBR-Basin-M.png  ||  https://astralbathware.com/staging/wp-content/uploads/2022/08/D2-AF720201CHBR-Basin-M.png "
" Concealed Body of Flush Cock - Quarter Turn","","1900","AF900931CHBR","Flow Type","","Material Type","","Colour ","","","","","Faucets>Concealed Parts ","https://astralbathware.com/staging/wp-content/uploads/2022/08/D2-AF720201CHBR-Basin-M.png  ||  https://astralbathware.com/staging/wp-content/uploads/2022/08/D2-AF720201CHBR-Basin-M.png "
" Concealed Body of Stop Cock - 15 mm","","1150","AF900926CHBR","Flow Type","","Material Type","","Colour ","","","","","Faucets>Concealed Parts ","https://astralbathware.com/staging/wp-content/uploads/2022/08/D2-AF720201CHBR-Basin-M.png  ||  https://astralbathware.com/staging/wp-content/uploads/2022/08/D2-AF720201CHBR-Basin-M.png "
" Concealed Body of Stop Cock - 20 mm","","1200","AF900927CHBR","Flow Type","","Material Type","","Colour ","","","","","Faucets>Concealed Parts ","https://astralbathware.com/staging/wp-content/uploads/2022/08/D2-AF720201CHBR-Basin-M.png  ||  https://astralbathware.com/staging/wp-content/uploads/2022/08/D2-AF720201CHBR-Basin-M.png "
" Concealed Body of Thermostatic Diverter","","12500","AF901612CHBR","Flow Type","","Material Type","","Colour ","","","","","Faucets>Thermostatic Shower Mixer","https://astralbathware.com/staging/wp-content/uploads/2022/08/D2-AF720201CHBR-Basin-M.png  ||  https://astralbathware.com/staging/wp-content/uploads/2022/08/D2-AF720201CHBR-Basin-M.png "
"  Exposed Part of Thermostatic Diverter Rpund Knob","","17000","AF901613CHBR","Flow Type","","Material Type","","Colour ","Chrome","","","","Faucets>Thermostatic Shower Mixer","https://astralbathware.com/staging/wp-content/uploads/2022/08/D2-AF720201CHBR-Basin-M.png  ||  https://astralbathware.com/staging/wp-content/uploads/2022/08/D2-AF720201CHBR-Basin-M.png "
"  Exposed Part of Thermostatic Diverter Square Knob","","17000","AF901614CHBR","Flow Type","","Material Type","","Colour ","Chrome","","","","Faucets>Thermostatic Shower Mixer","https://astralbathware.com/staging/wp-content/uploads/2022/08/D2-AF720201CHBR-Basin-M.png  ||  https://astralbathware.com/staging/wp-content/uploads/2022/08/D2-AF720201CHBR-Basin-M.png "
" Wall Mounted Sensor Tap","","9500","AF900406CHBR","Flow Type","","Material Type","","Colour ","Chrome","","","","Faucets>Sensors","https://astralbathware.com/staging/wp-content/uploads/2022/08/D2-AF720201CHBR-Basin-M.png  ||  https://astralbathware.com/staging/wp-content/uploads/2022/08/D2-AF720201CHBR-Basin-M.png "
" Table Mounted Sensor Tap","","9900","AF900411CHBR","Flow Type","","Material Type","","Colour ","Chrome","","","","Faucets>Sensors","https://astralbathware.com/staging/wp-content/uploads/2022/08/D2-AF720201CHBR-Basin-M.png  ||  https://astralbathware.com/staging/wp-content/uploads/2022/08/D2-AF720201CHBR-Basin-M.png "
" Table Mounted Sensor Tap with Extension Body","","10500","AF900412CHBR","Flow Type","","Material Type","","Colour ","Chrome","","","","Faucets>Sensors","https://astralbathware.com/staging/wp-content/uploads/2022/08/D2-AF720201CHBR-Basin-M.png  ||  https://astralbathware.com/staging/wp-content/uploads/2022/08/D2-AF720201CHBR-Basin-M.png "
" Flush Valve - Single Flow 25 mm with Round Flange","","4000","AF900801CHBR","Flow Type","Single Flow","Material Type","","Colour ","Chrome","","","","Faucets>Flush Valves & Control Valves ","https://astralbathware.com/staging/wp-content/uploads/2022/08/D2-AF720201CHBR-Basin-M.png  ||  https://astralbathware.com/staging/wp-content/uploads/2022/08/D2-AF720201CHBR-Basin-M.png "
" Flush Valve-Single Flow 32 mm with Round Flange","","4000","AF900806CHBR","Flow Type","Single Flow","Material Type","","Colour ","Chrome","","","","Faucets>Flush Valves & Control Valves ","https://astralbathware.com/staging/wp-content/uploads/2022/08/D2-AF720201CHBR-Basin-M.png  ||  https://astralbathware.com/staging/wp-content/uploads/2022/08/D2-AF720201CHBR-Basin-M.png "
" Flush Valve-Single Flow 40 mm with Round Flange","","4200","AF900811CHBR","Flow Type","Single Flow","Material Type","","Colour ","Chrome","","","","Faucets>Flush Valves & Control Valves ","https://astralbathware.com/staging/wp-content/uploads/2022/08/D2-AF720201CHBR-Basin-M.png  ||  https://astralbathware.com/staging/wp-content/uploads/2022/08/D2-AF720201CHBR-Basin-M.png "
" Flush Valve-Dual Flow 25 mm with Round Flange","","4200","AF900816CHBR","Flow Type","Dual Flow","Material Type","","Colour ","Chrome","","","","Faucets>Flush Valves & Control Valves ","https://astralbathware.com/staging/wp-content/uploads/2022/08/D2-AF720201CHBR-Basin-M.png  ||  https://astralbathware.com/staging/wp-content/uploads/2022/08/D2-AF720201CHBR-Basin-M.png "
" Flush Valve-Dual Flow 32 mm with Round Flange","","4200","AF900821CHBR","Flow Type","Dual Flow","Material Type","","Colour ","Chrome","","","","Faucets>Flush Valves & Control Valves ","https://astralbathware.com/staging/wp-content/uploads/2022/08/D2-AF720201CHBR-Basin-M.png  ||  https://astralbathware.com/staging/wp-content/uploads/2022/08/D2-AF720201CHBR-Basin-M.png "
" Flush Valve-Dual Flow 40 mm with Round Flange","","4400","AF900826CHBR","Flow Type","Dual Flow","Material Type","","Colour ","Chrome","","","","Faucets>Flush Valves & Control Valves ","https://astralbathware.com/staging/wp-content/uploads/2022/08/D2-AF720201CHBR-Basin-M.png  ||  https://astralbathware.com/staging/wp-content/uploads/2022/08/D2-AF720201CHBR-Basin-M.png "
" Flush Valve-Single Flow 25 mm with Square Flange","","4100","AF900802CHBR","Flow Type","Single Flow","Material Type","","Colour ","Chrome","","","","Faucets>Flush Valves & Control Valves ","https://astralbathware.com/staging/wp-content/uploads/2022/08/D2-AF720201CHBR-Basin-M.png  ||  https://astralbathware.com/staging/wp-content/uploads/2022/08/D2-AF720201CHBR-Basin-M.png "
" Flush Valve-Single Flow 32 mm with Square Flange","","4100","AF900807CHBR","Flow Type","Single Flow","Material Type","","Colour ","Chrome","","","","Faucets>Flush Valves & Control Valves ","https://astralbathware.com/staging/wp-content/uploads/2022/08/D2-AF720201CHBR-Basin-M.png  ||  https://astralbathware.com/staging/wp-content/uploads/2022/08/D2-AF720201CHBR-Basin-M.png "
" Flush Valve-Single Flow 40 mm with Square Flange","","4300","AF900812CHBR","Flow Type","Single Flow","Material Type","","Colour ","Chrome","","","","Faucets>Flush Valves & Control Valves ","https://astralbathware.com/staging/wp-content/uploads/2022/08/D2-AF720201CHBR-Basin-M.png  ||  https://astralbathware.com/staging/wp-content/uploads/2022/08/D2-AF720201CHBR-Basin-M.png "
" Flush Valve-Dual Flow 25 mm with Square Flange","","4300","AF900817CHBR","Flow Type","Dual Flow","Material Type","","Colour ","Chrome","","","","Faucets>Flush Valves & Control Valves ","https://astralbathware.com/staging/wp-content/uploads/2022/08/D2-AF720201CHBR-Basin-M.png  ||  https://astralbathware.com/staging/wp-content/uploads/2022/08/D2-AF720201CHBR-Basin-M.png "
" Flush Valve-Dual Flow 32 mm with Square Flange","","4300","AF900822CHBR","Flow Type","Dual Flow","Material Type","","Colour ","Chrome","","","","Faucets>Flush Valves & Control Valves ","https://astralbathware.com/staging/wp-content/uploads/2022/08/D2-AF720201CHBR-Basin-M.png  ||  https://astralbathware.com/staging/wp-content/uploads/2022/08/D2-AF720201CHBR-Basin-M.png "
" Flush Valve-Dual Flow 40 mm with Square Flange","","4500","AF900827CHBR","Flow Type","Dual Flow","Material Type","","Colour ","Chrome","","","","Faucets>Flush Valves & Control Valves ","https://astralbathware.com/staging/wp-content/uploads/2022/08/D2-AF720201CHBR-Basin-M.png  ||  https://astralbathware.com/staging/wp-content/uploads/2022/08/D2-AF720201CHBR-Basin-M.png "
" Exposed Flush Valve 32 mm","","6100","AF900831CHBR","Flow Type","","Material Type","","Colour ","Chrome","","","","Faucets>Flush Valves & Control Valves ","https://astralbathware.com/staging/wp-content/uploads/2022/08/D2-AF720201CHBR-Basin-M.png  ||  https://astralbathware.com/staging/wp-content/uploads/2022/08/D2-AF720201CHBR-Basin-M.png "
" Control Valve 25 mm","","2600","AF902001CHBR","Flow Type","","Material Type","","Colour ","Chrome","","","","Faucets>Flush Valves & Control Valves ","https://astralbathware.com/staging/wp-content/uploads/2022/08/D2-AF720201CHBR-Basin-M.png  ||  https://astralbathware.com/staging/wp-content/uploads/2022/08/D2-AF720201CHBR-Basin-M.png "
" Over Head Shower 150 X 150 mm ABS","","1700","AF900626CHAB","Flow Type","Single Flow","Material Type","ABS","Colour ","Chrome","","","","Faucets>Showers>Overhead Showers","https://astralbathware.com/staging/wp-content/uploads/2022/08/D2-AF720201CHBR-Basin-M.png  ||  https://astralbathware.com/staging/wp-content/uploads/2022/08/D2-AF720201CHBR-Basin-M.png "
" Over Head Shower 200 X 200 mm ABS","","2300","AF900611CHAB","Flow Type","Single Flow","Material Type","ABS","Colour ","Chrome","","","","Faucets>Showers>Overhead Showers","https://astralbathware.com/staging/wp-content/uploads/2022/08/D2-AF720201CHBR-Basin-M.png  ||  https://astralbathware.com/staging/wp-content/uploads/2022/08/D2-AF720201CHBR-Basin-M.png "
" Over Head Shower Diameter 200 mm ABS","","2500","AF900627CHAB","Flow Type","Single Flow","Material Type","ABS","Colour ","Chrome","","","","Faucets>Showers>Overhead Showers","https://astralbathware.com/staging/wp-content/uploads/2022/08/D2-AF720201CHBR-Basin-M.png  ||  https://astralbathware.com/staging/wp-content/uploads/2022/08/D2-AF720201CHBR-Basin-M.png "
" Over Head Shower Diameter 250 mm ABS","","2800","AF900628CHAB","Flow Type","Single Flow","Material Type","ABS","Colour ","Chrome","","","","Faucets>Showers>Overhead Showers","https://astralbathware.com/staging/wp-content/uploads/2022/08/D2-AF720201CHBR-Basin-M.png  ||  https://astralbathware.com/staging/wp-content/uploads/2022/08/D2-AF720201CHBR-Basin-M.png "
" Over Head Shower Diameter 125 mm Multiflow ABS","","1000","AF900629CHAB","Flow Type","Multi Flow","Material Type","ABS","Colour ","Chrome","","","","Faucets>Showers>Overhead Showers","https://astralbathware.com/staging/wp-content/uploads/2022/08/D2-AF720201CHBR-Basin-M.png  ||  https://astralbathware.com/staging/wp-content/uploads/2022/08/D2-AF720201CHBR-Basin-M.png "
" Over Head Shower Diameter 100 mm ABS","","750","AF900630CHAB","Flow Type","Single Flow","Material Type","ABS","Colour ","Chrome","","","","Faucets>Showers>Overhead Showers","https://astralbathware.com/staging/wp-content/uploads/2022/08/D2-AF720201CHBR-Basin-M.png  ||  https://astralbathware.com/staging/wp-content/uploads/2022/08/D2-AF720201CHBR-Basin-M.png "
" Over Head Shower Diameter 100 mm Multiflow ABS","","900","AF900631CHAB","Flow Type","Multi Flow","Material Type","ABS","Colour ","Chrome","","","","Faucets>Showers>Overhead Showers","https://astralbathware.com/staging/wp-content/uploads/2022/08/D2-AF720201CHBR-Basin-M.png  ||  https://astralbathware.com/staging/wp-content/uploads/2022/08/D2-AF720201CHBR-Basin-M.png "
" Over Head Shower Diameter 75 mm ABS with 225 mm SS Shower Arm","","1000","AF900620CHAB","Flow Type","Single Flow","Material Type","ABS","Colour ","Chrome","","","","Faucets>Showers>Overhead Showers","https://astralbathware.com/staging/wp-content/uploads/2022/08/D2-AF720201CHBR-Basin-M.png  ||  https://astralbathware.com/staging/wp-content/uploads/2022/08/D2-AF720201CHBR-Basin-M.png "
" Over Head Shower Diameter 75 mm ABS","","700","AF900621CHAB","Flow Type","Single Flow","Material Type","ABS","Colour ","Chrome","","","","Faucets>Showers>Overhead Showers","https://astralbathware.com/staging/wp-content/uploads/2022/08/D2-AF720201CHBR-Basin-M.png  ||  https://astralbathware.com/staging/wp-content/uploads/2022/08/D2-AF720201CHBR-Basin-M.png "
" Over Head Shower Diameter 100 mm ABS","","850","AF900622CHAB","Flow Type","Single Flow","Material Type","ABS","Colour ","Chrome","","","","Faucets>Showers>Overhead Showers","https://astralbathware.com/staging/wp-content/uploads/2022/08/D2-AF720201CHBR-Basin-M.png  ||  https://astralbathware.com/staging/wp-content/uploads/2022/08/D2-AF720201CHBR-Basin-M.png "
" Over Head Shower Diameter 125 mm ABS with 225 mm SS Shower Arm","","1500","AF900623CHAB","Flow Type","Single Flow","Material Type","ABS","Colour ","Chrome","","","","Faucets>Showers>Overhead Showers","https://astralbathware.com/staging/wp-content/uploads/2022/08/D2-AF720201CHBR-Basin-M.png  ||  https://astralbathware.com/staging/wp-content/uploads/2022/08/D2-AF720201CHBR-Basin-M.png "
" Over Head Shower 150 X 150 mm ABS","","2000","AF900610CHAB","Flow Type","Single Flow","Material Type","ABS","Colour ","Chrome","","","","Faucets>Showers>Overhead Showers","https://astralbathware.com/staging/wp-content/uploads/2022/08/D2-AF720201CHBR-Basin-M.png  ||  https://astralbathware.com/staging/wp-content/uploads/2022/08/D2-AF720201CHBR-Basin-M.png "
" Over Head Shower Diameter 150 mm ABS","","1700","AF900633CHAB","Flow Type","Single Flow","Material Type","ABS","Colour ","Chrome","","","","Faucets>Showers>Overhead Showers","https://astralbathware.com/staging/wp-content/uploads/2022/08/D2-AF720201CHBR-Basin-M.png  ||  https://astralbathware.com/staging/wp-content/uploads/2022/08/D2-AF720201CHBR-Basin-M.png "
" Over Head Shower Diameter 180 mm ABS","","2500","AF900624CHAB","Flow Type","Single Flow","Material Type","ABS","Colour ","Chrome","","","","Faucets>Showers>Overhead Showers","https://astralbathware.com/staging/wp-content/uploads/2022/08/D2-AF720201CHBR-Basin-M.png  ||  https://astralbathware.com/staging/wp-content/uploads/2022/08/D2-AF720201CHBR-Basin-M.png "
" Over Head Shower Diameter 180 mm ABS","","2200","AF900625CHAB","Flow Type","Single Flow","Material Type","ABS","Colour ","Chrome","","","","Faucets>Showers>Overhead Showers","https://astralbathware.com/staging/wp-content/uploads/2022/08/D2-AF720201CHBR-Basin-M.png  ||  https://astralbathware.com/staging/wp-content/uploads/2022/08/D2-AF720201CHBR-Basin-M.png "
" Over Head Rain Shower 100 x 100 mm SS","","1500","AF900605CHSS","Flow Type","Single Flow","Material Type","SS","Colour ","Chrome","","","","Faucets>Showers>Rain Showers","https://astralbathware.com/staging/wp-content/uploads/2022/08/D2-AF720201CHBR-Basin-M.png  ||  https://astralbathware.com/staging/wp-content/uploads/2022/08/D2-AF720201CHBR-Basin-M.png "
" Over Head Rain Shower 150 x 150 mm SS","","2000","AF900614CHSS","Flow Type","Single Flow","Material Type","SS","Colour ","Chrome","","","","Faucets>Showers>Rain Showers","https://astralbathware.com/staging/wp-content/uploads/2022/08/D2-AF720201CHBR-Basin-M.png  ||  https://astralbathware.com/staging/wp-content/uploads/2022/08/D2-AF720201CHBR-Basin-M.png "
" Over Head Rain Shower 200 x 200 mm SS","","2500","AF900615CHSS","Flow Type","Single Flow","Material Type","SS","Colour ","Chrome","","","","Faucets>Showers>Rain Showers","https://astralbathware.com/staging/wp-content/uploads/2022/08/D2-AF720201CHBR-Basin-M.png  ||  https://astralbathware.com/staging/wp-content/uploads/2022/08/D2-AF720201CHBR-Basin-M.png "
" Over Head Rain Shower 300 x 300 mm SS","","5000","AF900606CHSS","Flow Type","Single Flow","Material Type","SS","Colour ","Chrome","","","","Faucets>Showers>Rain Showers","https://astralbathware.com/staging/wp-content/uploads/2022/08/D2-AF720201CHBR-Basin-M.png  ||  https://astralbathware.com/staging/wp-content/uploads/2022/08/D2-AF720201CHBR-Basin-M.png "
" 3 Flow LED Ceiling Rain Shower 400 X 450 mm SS","","50000","AF900632CHSS","Flow Type","Single Flow","Material Type","SS","Colour ","Chrome","","","","Faucets>Showers>Rain Showers","https://astralbathware.com/staging/wp-content/uploads/2022/08/D2-AF720201CHBR-Basin-M.png  ||  https://astralbathware.com/staging/wp-content/uploads/2022/08/D2-AF720201CHBR-Basin-M.png "
" Shower Arm 180 mm Round SS","","350","AF900713CHSS","Flow Type","Single Flow","Material Type","SS","Colour ","Chrome","","","","Faucets>Showers>Shower Arms","https://astralbathware.com/staging/wp-content/uploads/2022/08/D2-AF720201CHBR-Basin-M.png  ||  https://astralbathware.com/staging/wp-content/uploads/2022/08/D2-AF720201CHBR-Basin-M.png "
" Shower Arm 230 mm Round SS","","450","AF900714CHSS","Flow Type","Single Flow","Material Type","SS","Colour ","Chrome","","","","Faucets>Showers>Shower Arms","https://astralbathware.com/staging/wp-content/uploads/2022/08/D2-AF720201CHBR-Basin-M.png  ||  https://astralbathware.com/staging/wp-content/uploads/2022/08/D2-AF720201CHBR-Basin-M.png "
" Shower Arm 305 mm Round SS","","650","AF900715CHSS","Flow Type","Single Flow","Material Type","SS","Colour ","Chrome","","","","Faucets>Showers>Shower Arms","https://astralbathware.com/staging/wp-content/uploads/2022/08/D2-AF720201CHBR-Basin-M.png  ||  https://astralbathware.com/staging/wp-content/uploads/2022/08/D2-AF720201CHBR-Basin-M.png "
" Shower Arm 380 mm Round SS","","1050","AF900716CHSS","Flow Type","Single Flow","Material Type","SS","Colour ","Chrome","","","","Faucets>Showers>Shower Arms","https://astralbathware.com/staging/wp-content/uploads/2022/08/D2-AF720201CHBR-Basin-M.png  ||  https://astralbathware.com/staging/wp-content/uploads/2022/08/D2-AF720201CHBR-Basin-M.png "
" Shower Arm 305 mm Square","","2500","AF900711CHBR","Flow Type","Single Flow","Material Type","","Colour ","Chrome","","","","Faucets>Showers>Shower Arms","https://astralbathware.com/staging/wp-content/uploads/2022/08/D2-AF720201CHBR-Basin-M.png  ||  https://astralbathware.com/staging/wp-content/uploads/2022/08/D2-AF720201CHBR-Basin-M.png "
" Shower Arm 380 mm Square","","3000","AF900712CHBR","Flow Type","Single Flow","Material Type","","Colour ","Chrome","","","","Faucets>Showers>Shower Arms","https://astralbathware.com/staging/wp-content/uploads/2022/08/D2-AF720201CHBR-Basin-M.png  ||  https://astralbathware.com/staging/wp-content/uploads/2022/08/D2-AF720201CHBR-Basin-M.png "
" Hand Shower 70 mm ABS with 1.50 Meter SS Hose Pipe and Hook","","1550","AF900660CHAB","Flow Type","Single Flow","Material Type","","Colour ","Chrome","","","","Faucets>Showers>Hand Showers","https://astralbathware.com/staging/wp-content/uploads/2022/08/D2-AF720201CHBR-Basin-M.png  ||  https://astralbathware.com/staging/wp-content/uploads/2022/08/D2-AF720201CHBR-Basin-M.png "
" Hand Shower 3 Flow 80 mm ABS with 1.50 Meter SS Hose Pipe and Hook","","1850","AF900662CHAB","Flow Type","Multi Flow","Material Type","","Colour ","Chrome","","","","Faucets>Showers>Hand Showers","https://astralbathware.com/staging/wp-content/uploads/2022/08/D2-AF720201CHBR-Basin-M.png  ||  https://astralbathware.com/staging/wp-content/uploads/2022/08/D2-AF720201CHBR-Basin-M.png "
" Hand Shower 75 mm ABS with 1.50 Meter SS Hose Pipe and Hook","","1750","AF900663CHAB","Flow Type","Single Flow","Material Type","","Colour ","Chrome","","","","Faucets>Showers>Hand Showers","https://astralbathware.com/staging/wp-content/uploads/2022/08/D2-AF720201CHBR-Basin-M.png  ||  https://astralbathware.com/staging/wp-content/uploads/2022/08/D2-AF720201CHBR-Basin-M.png "
" Hand Shower 75 mm ABS with 1.50 Meter SS Hose Pipe and Hook","","1650","AF900661CHAB","Flow Type","Single Flow","Material Type","","Colour ","Chrome","","","","Faucets>Showers>Hand Showers","https://astralbathware.com/staging/wp-content/uploads/2022/08/D2-AF720201CHBR-Basin-M.png  ||  https://astralbathware.com/staging/wp-content/uploads/2022/08/D2-AF720201CHBR-Basin-M.png "
" HandShower 100 mm ABS with 1.50 Meter SS Hose Pipe and Hook","","1850","AF900664CHAB","Flow Type","Single Flow","Material Type","","Colour ","Chrome","","","","Faucets>Showers>Hand Showers","https://astralbathware.com/staging/wp-content/uploads/2022/08/D2-AF720201CHBR-Basin-M.png  ||  https://astralbathware.com/staging/wp-content/uploads/2022/08/D2-AF720201CHBR-Basin-M.png "
" HandShower 230 mm ABS with 1.50 Meter SS Hose Pipe and Hook","","1950","AF900665CHAB","Flow Type","Single Flow","Material Type","","Colour ","Chrome","","","","Faucets>Showers>Hand Showers","https://astralbathware.com/staging/wp-content/uploads/2022/08/D2-AF720201CHBR-Basin-M.png  ||  https://astralbathware.com/staging/wp-content/uploads/2022/08/D2-AF720201CHBR-Basin-M.png "
" HandShower 100 mm ABS with 1.50 Meter SS Hose Pipe and Hook","","2200","AF900666CHAB","Flow Type","Single Flow","Material Type","","Colour ","Chrome","","","","Faucets>Showers>Hand Showers","https://astralbathware.com/staging/wp-content/uploads/2022/08/D2-AF720201CHBR-Basin-M.png  ||  https://astralbathware.com/staging/wp-content/uploads/2022/08/D2-AF720201CHBR-Basin-M.png "
" HandShower 90 mm Multi Function ABS with 1.50 Meter SS Hose Pipe and Hook","","2050","AF900667CHAB","Flow Type","Multi Flow","Material Type","","Colour ","Chrome","","","","Faucets>Showers>Hand Showers","https://astralbathware.com/staging/wp-content/uploads/2022/08/D2-AF720201CHBR-Basin-M.png  ||  https://astralbathware.com/staging/wp-content/uploads/2022/08/D2-AF720201CHBR-Basin-M.png "
" Shower Rail","","2500","AF900750CHAB","Flow Type","","Material Type","","Colour ","Chrome","","","","Faucets>Complementary Products>Shower Accessories ","https://astralbathware.com/staging/wp-content/uploads/2022/08/D2-AF720201CHBR-Basin-M.png  ||  https://astralbathware.com/staging/wp-content/uploads/2022/08/D2-AF720201CHBR-Basin-M.png "
" Swivel Hook","","500","AF901454CHAB","Flow Type","","Material Type","","Colour ","Chrome","","","","Faucets>Complementary Products>Shower Accessories ","https://astralbathware.com/staging/wp-content/uploads/2022/08/D2-AF720201CHBR-Basin-M.png  ||  https://astralbathware.com/staging/wp-content/uploads/2022/08/D2-AF720201CHBR-Basin-M.png "
" Hand Shower Hook","","250","AF901450CHAB","Flow Type","","Material Type","","Colour ","Chrome","","","","Faucets>Complementary Products>Shower Accessories ","https://astralbathware.com/staging/wp-content/uploads/2022/08/D2-AF720201CHBR-Basin-M.png  ||  https://astralbathware.com/staging/wp-content/uploads/2022/08/D2-AF720201CHBR-Basin-M.png "
" Hand Shower Hook","","350","AF901451CHAB","Flow Type","","Material Type","","Colour ","Chrome","","","","Faucets>Complementary Products>Shower Accessories ","https://astralbathware.com/staging/wp-content/uploads/2022/08/D2-AF720201CHBR-Basin-M.png  ||  https://astralbathware.com/staging/wp-content/uploads/2022/08/D2-AF720201CHBR-Basin-M.png "
" Hose Pipe PVC 1.00 Meter -Chrome Plated","","450","AF901705CHPV","Flow Type","","Material Type","","Colour ","Chrome","","","","Faucets>Complementary Products>Shower Accessories ","https://astralbathware.com/staging/wp-content/uploads/2022/08/D2-AF720201CHBR-Basin-M.png  ||  https://astralbathware.com/staging/wp-content/uploads/2022/08/D2-AF720201CHBR-Basin-M.png "
" Hose Pipe SS 1.50 Meter","","800","AF901708CHSS","Flow Type","","Material Type","","Colour ","Chrome","","","","Faucets>Complementary Products>Shower Accessories ","https://astralbathware.com/staging/wp-content/uploads/2022/08/D2-AF720201CHBR-Basin-M.png  ||  https://astralbathware.com/staging/wp-content/uploads/2022/08/D2-AF720201CHBR-Basin-M.png "
" Health Faucet with 1.00 Meter SS Hose and Hook","","1250","AF901403CHAB","Flow Type","","Material Type","","Colour ","Chrome","","","","Faucets>Complementary Products>Health Faucet","https://astralbathware.com/staging/wp-content/uploads/2022/08/D2-AF720201CHBR-Basin-M.png  ||  https://astralbathware.com/staging/wp-content/uploads/2022/08/D2-AF720201CHBR-Basin-M.png "
" Health Faucet with 1.00 Meter SS Hose and Hook","","1250","AF901404CHAB","Flow Type","","Material Type","","Colour ","Chrome","","","","Faucets>Complementary Products>Health Faucet","https://astralbathware.com/staging/wp-content/uploads/2022/08/D2-AF720201CHBR-Basin-M.png  ||  https://astralbathware.com/staging/wp-content/uploads/2022/08/D2-AF720201CHBR-Basin-M.png "
" Health Faucet with 1.00 Meter SS Hose and Hook","","1450","AF901405CHAB","Flow Type","","Material Type","","Colour ","Chrome","","","","Faucets>Complementary Products>Health Faucet","https://astralbathware.com/staging/wp-content/uploads/2022/08/D2-AF720201CHBR-Basin-M.png  ||  https://astralbathware.com/staging/wp-content/uploads/2022/08/D2-AF720201CHBR-Basin-M.png "
" Health Faucet with 1.00 Meter PVC Chrome Plated Hose and Hook","","850","AF901406CHAB","Flow Type","","Material Type","","Colour ","Chrome","","","","Faucets>Complementary Products>Health Faucet","https://astralbathware.com/staging/wp-content/uploads/2022/08/D2-AF720201CHBR-Basin-M.png  ||  https://astralbathware.com/staging/wp-content/uploads/2022/08/D2-AF720201CHBR-Basin-M.png "
" Health Faucet with 1.00 Meter PVC Chrome Plated Hose and Hook","","1050","AF901407CHAB","Flow Type","","Material Type","","Colour ","Chrome","","","","Faucets>Complementary Products>Health Faucet","https://astralbathware.com/staging/wp-content/uploads/2022/08/D2-AF720201CHBR-Basin-M.png  ||  https://astralbathware.com/staging/wp-content/uploads/2022/08/D2-AF720201CHBR-Basin-M.png "
" Health Faucet with 1.20 Meter Polyamide Hose and Hook","","1550","AF901401WHPV","Flow Type","","Material Type","","Colour ","Chrome","","","","Faucets>Complementary Products>Health Faucet","https://astralbathware.com/staging/wp-content/uploads/2022/08/D2-AF720201CHBR-Basin-M.png  ||  https://astralbathware.com/staging/wp-content/uploads/2022/08/D2-AF720201CHBR-Basin-M.png "
"P30 Towel Rack 600 mm","","4200","AF300506CHBR","Flow Type","","Material Type","","Colour ","Chrome","https://astralbathware.com/staging/wp-content/uploads/2022/07/premia.png","Premia","P30","Faucets>Bathroom Accessories ","https://astralbathware.com/staging/wp-content/uploads/2022/08/D2-AF720201CHBR-Basin-M.png  ||  https://astralbathware.com/staging/wp-content/uploads/2022/08/D2-AF720201CHBR-Basin-M.png "
"P30 Towel Rack 450 mm","","4000","AF300501CHBR","Flow Type","","Material Type","","Colour ","Chrome","https://astralbathware.com/staging/wp-content/uploads/2022/07/premia.png","Premia","P30","Faucets>Bathroom Accessories ","https://astralbathware.com/staging/wp-content/uploads/2022/08/D2-AF720201CHBR-Basin-M.png  ||  https://astralbathware.com/staging/wp-content/uploads/2022/08/D2-AF720201CHBR-Basin-M.png "
"P30 Towel Rod 600 mm","","2300","AF300516CHBR","Flow Type","","Material Type","","Colour ","Chrome","https://astralbathware.com/staging/wp-content/uploads/2022/07/premia.png","Premia","P30","Faucets>Bathroom Accessories ","https://astralbathware.com/staging/wp-content/uploads/2022/08/D2-AF720201CHBR-Basin-M.png  ||  https://astralbathware.com/staging/wp-content/uploads/2022/08/D2-AF720201CHBR-Basin-M.png "
"P30 Towel Rod 450 mm","","2100","AF300511CHBR","Flow Type","","Material Type","","Colour ","Chrome","https://astralbathware.com/staging/wp-content/uploads/2022/07/premia.png","Premia","P30","Faucets>Bathroom Accessories ","https://astralbathware.com/staging/wp-content/uploads/2022/08/D2-AF720201CHBR-Basin-M.png  ||  https://astralbathware.com/staging/wp-content/uploads/2022/08/D2-AF720201CHBR-Basin-M.png "
"P30 Towel Ring","","1000","AF300531CHBR","Flow Type","","Material Type","","Colour ","Chrome","https://astralbathware.com/staging/wp-content/uploads/2022/07/premia.png","Premia","P30","Faucets>Bathroom Accessories ","https://astralbathware.com/staging/wp-content/uploads/2022/08/D2-AF720201CHBR-Basin-M.png  ||  https://astralbathware.com/staging/wp-content/uploads/2022/08/D2-AF720201CHBR-Basin-M.png "
"P30 Soap Dish","","1000","AF300541CHSS","Flow Type","","Material Type","","Colour ","Chrome","https://astralbathware.com/staging/wp-content/uploads/2022/07/premia.png","Premia","P30","Faucets>Bathroom Accessories ","https://astralbathware.com/staging/wp-content/uploads/2022/08/D2-AF720201CHBR-Basin-M.png  ||  https://astralbathware.com/staging/wp-content/uploads/2022/08/D2-AF720201CHBR-Basin-M.png "
"P30 Rob Hook","","800","AF300561CHBR","Flow Type","","Material Type","","Colour ","Chrome","https://astralbathware.com/staging/wp-content/uploads/2022/07/premia.png","Premia","P30","Faucets>Bathroom Accessories ","https://astralbathware.com/staging/wp-content/uploads/2022/08/D2-AF720201CHBR-Basin-M.png  ||  https://astralbathware.com/staging/wp-content/uploads/2022/08/D2-AF720201CHBR-Basin-M.png "
"P30 Tumbler Holder","","1000","AF300566CHBR","Flow Type","","Material Type","","Colour ","Chrome","https://astralbathware.com/staging/wp-content/uploads/2022/07/premia.png","Premia","P30","Faucets>Bathroom Accessories ","https://astralbathware.com/staging/wp-content/uploads/2022/08/D2-AF720201CHBR-Basin-M.png  ||  https://astralbathware.com/staging/wp-content/uploads/2022/08/D2-AF720201CHBR-Basin-M.png "
"P31 Toilet Paper Holder with Lid","","1800","AF310586CHBR","Flow Type","","Material Type","","Colour ","Chrome","https://astralbathware.com/staging/wp-content/uploads/2022/07/premia.png","Premia","P31","Faucets>Bathroom Accessories ","https://astralbathware.com/staging/wp-content/uploads/2022/08/D2-AF720201CHBR-Basin-M.png  ||  https://astralbathware.com/staging/wp-content/uploads/2022/08/D2-AF720201CHBR-Basin-M.png "
"P30 Soap Dispenser","","1800","AF300556CHBR","Flow Type","","Material Type","","Colour ","Chrome","https://astralbathware.com/staging/wp-content/uploads/2022/07/premia.png","Premia","P30","Faucets>Bathroom Accessories ","https://astralbathware.com/staging/wp-content/uploads/2022/08/D2-AF720201CHBR-Basin-M.png  ||  https://astralbathware.com/staging/wp-content/uploads/2022/08/D2-AF720201CHBR-Basin-M.png "
"P31 Towel Rack 600 mm","","4500","AF310506CHBR","Flow Type","","Material Type","","Colour ","Chrome","https://astralbathware.com/staging/wp-content/uploads/2022/07/premia.png","Premia","P31","Faucets>Bathroom Accessories ","https://astralbathware.com/staging/wp-content/uploads/2022/08/D2-AF720201CHBR-Basin-M.png  ||  https://astralbathware.com/staging/wp-content/uploads/2022/08/D2-AF720201CHBR-Basin-M.png "
"P31 Towel Rack 450 mm","","4300","AF310501CHBR","Flow Type","","Material Type","","Colour ","Chrome","https://astralbathware.com/staging/wp-content/uploads/2022/07/premia.png","Premia","P31","Faucets>Bathroom Accessories ","https://astralbathware.com/staging/wp-content/uploads/2022/08/D2-AF720201CHBR-Basin-M.png  ||  https://astralbathware.com/staging/wp-content/uploads/2022/08/D2-AF720201CHBR-Basin-M.png "
"P31 Towel Rod 600 mm","","2900","AF310516CHBR","Flow Type","","Material Type","","Colour ","Chrome","https://astralbathware.com/staging/wp-content/uploads/2022/07/premia.png","Premia","P31","Faucets>Bathroom Accessories ","https://astralbathware.com/staging/wp-content/uploads/2022/08/D2-AF720201CHBR-Basin-M.png  ||  https://astralbathware.com/staging/wp-content/uploads/2022/08/D2-AF720201CHBR-Basin-M.png "
"P31 Towel Rod 450 mm","","2700","AF310511CHBR","Flow Type","","Material Type","","Colour ","Chrome","https://astralbathware.com/staging/wp-content/uploads/2022/07/premia.png","Premia","P31","Faucets>Bathroom Accessories ","https://astralbathware.com/staging/wp-content/uploads/2022/08/D2-AF720201CHBR-Basin-M.png  ||  https://astralbathware.com/staging/wp-content/uploads/2022/08/D2-AF720201CHBR-Basin-M.png "
"P31 Towel Ring","","1100","AF310531CHBR","Flow Type","","Material Type","","Colour ","Chrome","https://astralbathware.com/staging/wp-content/uploads/2022/07/premia.png","Premia","P31","Faucets>Bathroom Accessories ","https://astralbathware.com/staging/wp-content/uploads/2022/08/D2-AF720201CHBR-Basin-M.png  ||  https://astralbathware.com/staging/wp-content/uploads/2022/08/D2-AF720201CHBR-Basin-M.png "
"P31 Soap Dish","","1100","AF310541CHBR","Flow Type","","Material Type","","Colour ","Chrome","https://astralbathware.com/staging/wp-content/uploads/2022/07/premia.png","Premia","P31","Faucets>Bathroom Accessories ","https://astralbathware.com/staging/wp-content/uploads/2022/08/D2-AF720201CHBR-Basin-M.png  ||  https://astralbathware.com/staging/wp-content/uploads/2022/08/D2-AF720201CHBR-Basin-M.png "
"P31 Soap Dish with Tumbler","","2000","AF310546CHBR","Flow Type","","Material Type","","Colour ","Chrome","https://astralbathware.com/staging/wp-content/uploads/2022/07/premia.png","Premia","P31","Faucets>Bathroom Accessories ","https://astralbathware.com/staging/wp-content/uploads/2022/08/D2-AF720201CHBR-Basin-M.png  ||  https://astralbathware.com/staging/wp-content/uploads/2022/08/D2-AF720201CHBR-Basin-M.png "
"P31 Rob Hook","","900","AF310561CHBR","Flow Type","","Material Type","","Colour ","Chrome","https://astralbathware.com/staging/wp-content/uploads/2022/07/premia.png","Premia","P31","Faucets>Bathroom Accessories ","https://astralbathware.com/staging/wp-content/uploads/2022/08/D2-AF720201CHBR-Basin-M.png  ||  https://astralbathware.com/staging/wp-content/uploads/2022/08/D2-AF720201CHBR-Basin-M.png "
"P31 Tumbler Holder","","1100","AF310566CHBR","Flow Type","","Material Type","","Colour ","Chrome","https://astralbathware.com/staging/wp-content/uploads/2022/07/premia.png","Premia","P31","Faucets>Bathroom Accessories ","https://astralbathware.com/staging/wp-content/uploads/2022/08/D2-AF720201CHBR-Basin-M.png  ||  https://astralbathware.com/staging/wp-content/uploads/2022/08/D2-AF720201CHBR-Basin-M.png "
"P31 Toilet Paper Holder with Lid","","2000","AF310587CHBR","Flow Type","","Material Type","","Colour ","Chrome","https://astralbathware.com/staging/wp-content/uploads/2022/07/premia.png","Premia","P31","Faucets>Bathroom Accessories ","https://astralbathware.com/staging/wp-content/uploads/2022/08/D2-AF720201CHBR-Basin-M.png  ||  https://astralbathware.com/staging/wp-content/uploads/2022/08/D2-AF720201CHBR-Basin-M.png "
"P31 Soap Dispenser","","2000","AF310556CHBR","Flow Type","","Material Type","","Colour ","Chrome","https://astralbathware.com/staging/wp-content/uploads/2022/07/premia.png","Premia","P31","Faucets>Bathroom Accessories ","https://astralbathware.com/staging/wp-content/uploads/2022/08/D2-AF720201CHBR-Basin-M.png  ||  https://astralbathware.com/staging/wp-content/uploads/2022/08/D2-AF720201CHBR-Basin-M.png "
"P31 Toilet Brush Holder","","2000","AF310591CHBR","Flow Type","","Material Type","","Colour ","Chrome","https://astralbathware.com/staging/wp-content/uploads/2022/07/premia.png","Premia","P31","Faucets>Bathroom Accessories ","https://astralbathware.com/staging/wp-content/uploads/2022/08/D2-AF720201CHBR-Basin-M.png  ||  https://astralbathware.com/staging/wp-content/uploads/2022/08/D2-AF720201CHBR-Basin-M.png "
"G10 Towel Rack 600 mm","","4000","AF100506CHSS","Flow Type","","Material Type","","Colour ","Chrome","https://astralbathware.com/staging/wp-content/uploads/2022/06/gloria.png","Gloria","G10","Faucets>Bathroom Accessories ","https://astralbathware.com/staging/wp-content/uploads/2022/08/D2-AF720201CHBR-Basin-M.png  ||  https://astralbathware.com/staging/wp-content/uploads/2022/08/D2-AF720201CHBR-Basin-M.png "
"G10 Towel Rack 450 mm","","3800","AF100501CHSS","Flow Type","","Material Type","","Colour ","Chrome","https://astralbathware.com/staging/wp-content/uploads/2022/06/gloria.png","Gloria","G10","Faucets>Bathroom Accessories ","https://astralbathware.com/staging/wp-content/uploads/2022/08/D2-AF720201CHBR-Basin-M.png  ||  https://astralbathware.com/staging/wp-content/uploads/2022/08/D2-AF720201CHBR-Basin-M.png "
"G10 Towel Rod 600 mm","","1600","AF100516CHSS","Flow Type","","Material Type","","Colour ","Chrome","https://astralbathware.com/staging/wp-content/uploads/2022/06/gloria.png","Gloria","G10","Faucets>Bathroom Accessories ","https://astralbathware.com/staging/wp-content/uploads/2022/08/D2-AF720201CHBR-Basin-M.png  ||  https://astralbathware.com/staging/wp-content/uploads/2022/08/D2-AF720201CHBR-Basin-M.png "
"G10 Towel Rod 450 mm","","1400","AF100511CHSS","Flow Type","","Material Type","","Colour ","Chrome","https://astralbathware.com/staging/wp-content/uploads/2022/06/gloria.png","Gloria","G10","Faucets>Bathroom Accessories ","https://astralbathware.com/staging/wp-content/uploads/2022/08/D2-AF720201CHBR-Basin-M.png  ||  https://astralbathware.com/staging/wp-content/uploads/2022/08/D2-AF720201CHBR-Basin-M.png "
"G10 Dual Towel Rod 600 mm","","2700","AF100521CHSS","Flow Type","","Material Type","","Colour ","Chrome","https://astralbathware.com/staging/wp-content/uploads/2022/06/gloria.png","Gloria","G10","Faucets>Bathroom Accessories ","https://astralbathware.com/staging/wp-content/uploads/2022/08/D2-AF720201CHBR-Basin-M.png  ||  https://astralbathware.com/staging/wp-content/uploads/2022/08/D2-AF720201CHBR-Basin-M.png "
"G10 Dual Towel Rod 450 mm","","2500","AF100526CHSS","Flow Type","","Material Type","","Colour ","Chrome","https://astralbathware.com/staging/wp-content/uploads/2022/06/gloria.png","Gloria","G10","Faucets>Bathroom Accessories ","https://astralbathware.com/staging/wp-content/uploads/2022/08/D2-AF720201CHBR-Basin-M.png  ||  https://astralbathware.com/staging/wp-content/uploads/2022/08/D2-AF720201CHBR-Basin-M.png "
"G10 Towel Ring","","900","AF100531CHSS","Flow Type","","Material Type","","Colour ","Chrome","https://astralbathware.com/staging/wp-content/uploads/2022/06/gloria.png","Gloria","G10","Faucets>Bathroom Accessories ","https://astralbathware.com/staging/wp-content/uploads/2022/08/D2-AF720201CHBR-Basin-M.png  ||  https://astralbathware.com/staging/wp-content/uploads/2022/08/D2-AF720201CHBR-Basin-M.png "
"G10 Soap Dish","","900","AF100541CHSS","Flow Type","","Material Type","","Colour ","Chrome","https://astralbathware.com/staging/wp-content/uploads/2022/06/gloria.png","Gloria","G10","Faucets>Bathroom Accessories ","https://astralbathware.com/staging/wp-content/uploads/2022/08/D2-AF720201CHBR-Basin-M.png  ||  https://astralbathware.com/staging/wp-content/uploads/2022/08/D2-AF720201CHBR-Basin-M.png "
"G10 Soap Dish with Tumbler","","1800","AF100546CHSS","Flow Type","","Material Type","","Colour ","Chrome","https://astralbathware.com/staging/wp-content/uploads/2022/06/gloria.png","Gloria","G10","Faucets>Bathroom Accessories ","https://astralbathware.com/staging/wp-content/uploads/2022/08/D2-AF720201CHBR-Basin-M.png  ||  https://astralbathware.com/staging/wp-content/uploads/2022/08/D2-AF720201CHBR-Basin-M.png "
"G10 Rob Hook","","500","AF100561CHSS","Flow Type","","Material Type","","Colour ","Chrome","https://astralbathware.com/staging/wp-content/uploads/2022/06/gloria.png","Gloria","G10","Faucets>Bathroom Accessories ","https://astralbathware.com/staging/wp-content/uploads/2022/08/D2-AF720201CHBR-Basin-M.png  ||  https://astralbathware.com/staging/wp-content/uploads/2022/08/D2-AF720201CHBR-Basin-M.png "
"G10 Tumbler Holder with Tooth Brush Holder","","900","AF100566CHSS","Flow Type","","Material Type","","Colour ","Chrome","https://astralbathware.com/staging/wp-content/uploads/2022/06/gloria.png","Gloria","G10","Faucets>Bathroom Accessories ","https://astralbathware.com/staging/wp-content/uploads/2022/08/D2-AF720201CHBR-Basin-M.png  ||  https://astralbathware.com/staging/wp-content/uploads/2022/08/D2-AF720201CHBR-Basin-M.png "
"G10 Toilet Paper Holder with Lid","","1500","AF100576CHSS","Flow Type","","Material Type","","Colour ","Chrome","https://astralbathware.com/staging/wp-content/uploads/2022/06/gloria.png","Gloria","G10","Faucets>Bathroom Accessories ","https://astralbathware.com/staging/wp-content/uploads/2022/08/D2-AF720201CHBR-Basin-M.png  ||  https://astralbathware.com/staging/wp-content/uploads/2022/08/D2-AF720201CHBR-Basin-M.png "
"G10 Soap Dispenser","","1500","AF100556CHSS","Flow Type","","Material Type","","Colour ","Chrome","https://astralbathware.com/staging/wp-content/uploads/2022/06/gloria.png","Gloria","G10","Faucets>Bathroom Accessories ","https://astralbathware.com/staging/wp-content/uploads/2022/08/D2-AF720201CHBR-Basin-M.png  ||  https://astralbathware.com/staging/wp-content/uploads/2022/08/D2-AF720201CHBR-Basin-M.png "
"G10 Glass Corner 225 mm X 225 mm with 6 mm Glass","","1600","AF100592CHBR","Flow Type","","Material Type","","Colour ","Chrome","https://astralbathware.com/staging/wp-content/uploads/2022/06/gloria.png","Gloria","G10","Faucets>Bathroom Accessories ","https://astralbathware.com/staging/wp-content/uploads/2022/08/D2-AF720201CHBR-Basin-M.png  ||  https://astralbathware.com/staging/wp-content/uploads/2022/08/D2-AF720201CHBR-Basin-M.png "
"G10 Glass Corner 300 mm X 300 mm with 6 mm Glass","","1900","AF100593CHBR","Flow Type","","Material Type","","Colour ","Chrome","https://astralbathware.com/staging/wp-content/uploads/2022/06/gloria.png","Gloria","G10","Faucets>Bathroom Accessories ","https://astralbathware.com/staging/wp-content/uploads/2022/08/D2-AF720201CHBR-Basin-M.png  ||  https://astralbathware.com/staging/wp-content/uploads/2022/08/D2-AF720201CHBR-Basin-M.png "
"G10 Glass Self 300 mm x 125 mm with 6 mm Glass","","2000","AF100594CHBR","Flow Type","","Material Type","","Colour ","Chrome","https://astralbathware.com/staging/wp-content/uploads/2022/06/gloria.png","Gloria","G10","Faucets>Bathroom Accessories ","https://astralbathware.com/staging/wp-content/uploads/2022/08/D2-AF720201CHBR-Basin-M.png  ||  https://astralbathware.com/staging/wp-content/uploads/2022/08/D2-AF720201CHBR-Basin-M.png "
" Waste Coupling Full Thread 32 mm","","600","AF901801CHSS","Flow Type","","Material Type","","Colour ","Chrome","","","","Faucets>Complementory Products>Waste Coupling ","https://astralbathware.com/staging/wp-content/uploads/2022/08/D2-AF720201CHBR-Basin-M.png  ||  https://astralbathware.com/staging/wp-content/uploads/2022/08/D2-AF720201CHBR-Basin-M.png "
" Waste Coupling Half Thread 32 mm","","600","AF901802CHSS","Flow Type","","Material Type","","Colour ","Chrome","","","","Faucets>Complementory Products>Waste Coupling ","https://astralbathware.com/staging/wp-content/uploads/2022/08/D2-AF720201CHBR-Basin-M.png  ||  https://astralbathware.com/staging/wp-content/uploads/2022/08/D2-AF720201CHBR-Basin-M.png "
" Waste Coupling Full Thread 32 mm with pop up","","1000","AF901803CHSS","Flow Type","","Material Type","","Colour ","Chrome","","","","Faucets>Complementory Products>Waste Coupling ","https://astralbathware.com/staging/wp-content/uploads/2022/08/D2-AF720201CHBR-Basin-M.png  ||  https://astralbathware.com/staging/wp-content/uploads/2022/08/D2-AF720201CHBR-Basin-M.png "
" Waste Coupling Full Thread 32 mm with Ceramic Pop Up","","1300","AF901804CHSS","Flow Type","","Material Type","","Colour ","Chrome","","","","Faucets>Complementory Products>Waste Coupling ","https://astralbathware.com/staging/wp-content/uploads/2022/08/D2-AF720201CHBR-Basin-M.png  ||  https://astralbathware.com/staging/wp-content/uploads/2022/08/D2-AF720201CHBR-Basin-M.png "
" Waste Coupling Full Thread W: 32 mmH:130 mm","","1200","AF901805CHSS","Flow Type","","Material Type","","Colour ","Chrome","","","","Faucets>Complementory Products>Waste Coupling ","https://astralbathware.com/staging/wp-content/uploads/2022/08/D2-AF720201CHBR-Basin-M.png  ||  https://astralbathware.com/staging/wp-content/uploads/2022/08/D2-AF720201CHBR-Basin-M.png "
" Bottle Trap 175 mm","","1900","AF901904CHBR","Flow Type","","Material Type","","Colour ","Chrome","","","","Faucets>Complementory Products>Bottle Traps","https://astralbathware.com/staging/wp-content/uploads/2022/08/D2-AF720201CHBR-Basin-M.png  ||  https://astralbathware.com/staging/wp-content/uploads/2022/08/D2-AF720201CHBR-Basin-M.png "
" Bottle Trap 225 mm","","2000","AF901905CHBR","Flow Type","","Material Type","","Colour ","Chrome","","","","Faucets>Complementory Products>Bottle Traps","https://astralbathware.com/staging/wp-content/uploads/2022/08/D2-AF720201CHBR-Basin-M.png  ||  https://astralbathware.com/staging/wp-content/uploads/2022/08/D2-AF720201CHBR-Basin-M.png "
" Bottle Trap 300 mm","","2100","AF901906CHBR","Flow Type","","Material Type","","Colour ","Chrome","","","","Faucets>Complementory Products>Bottle Traps","https://astralbathware.com/staging/wp-content/uploads/2022/08/D2-AF720201CHBR-Basin-M.png  ||  https://astralbathware.com/staging/wp-content/uploads/2022/08/D2-AF720201CHBR-Basin-M.png "
" Angle Cock","","600","AF901303CHBR","Flow Type","","Material Type","","Colour ","Chrome","","","","Faucets>Complementory Products>Angle Valves","https://astralbathware.com/staging/wp-content/uploads/2022/08/D2-AF720201CHBR-Basin-M.png  ||  https://astralbathware.com/staging/wp-content/uploads/2022/08/D2-AF720201CHBR-Basin-M.png "
" Angle Cock","","600","AF901301CHBR","Flow Type","","Material Type","","Colour ","Chrome","","","","Faucets>Complementory Products>Angle Valves","https://astralbathware.com/staging/wp-content/uploads/2022/08/D2-AF720201CHBR-Basin-M.png  ||  https://astralbathware.com/staging/wp-content/uploads/2022/08/D2-AF720201CHBR-Basin-M.png "
" Angle Cock","","750","AF901302CHBR","Flow Type","","Material Type","","Colour ","Chrome","","","","Faucets>Complementory Products>Angle Valves","https://astralbathware.com/staging/wp-content/uploads/2022/08/D2-AF720201CHBR-Basin-M.png  ||  https://astralbathware.com/staging/wp-content/uploads/2022/08/D2-AF720201CHBR-Basin-M.png "
" Extension Nipple 25 mm","","80","AF902210CHBR","Flow Type","","Material Type","","Colour ","Chrome","","","","Faucets>Complementory Products>Faucets Accessories ","https://astralbathware.com/staging/wp-content/uploads/2022/08/D2-AF720201CHBR-Basin-M.png  ||  https://astralbathware.com/staging/wp-content/uploads/2022/08/D2-AF720201CHBR-Basin-M.png "
" Extension Nipple 35 mm","","100","AF902215CHBR","Flow Type","","Material Type","","Colour ","Chrome","","","","Faucets>Complementory Products>Faucets Accessories ","https://astralbathware.com/staging/wp-content/uploads/2022/08/D2-AF720201CHBR-Basin-M.png  ||  https://astralbathware.com/staging/wp-content/uploads/2022/08/D2-AF720201CHBR-Basin-M.png "
" Extension Nipple 50 mm","","150","AF902220CHBR","Flow Type","","Material Type","","Colour ","Chrome","","","","Faucets>Complementory Products>Faucets Accessories ","https://astralbathware.com/staging/wp-content/uploads/2022/08/D2-AF720201CHBR-Basin-M.png  ||  https://astralbathware.com/staging/wp-content/uploads/2022/08/D2-AF720201CHBR-Basin-M.png "
" Extension Nipple 65 mm","","180","AF902225CHBR","Flow Type","","Material Type","","Colour ","Chrome","","","","Faucets>Complementory Products>Faucets Accessories ","https://astralbathware.com/staging/wp-content/uploads/2022/08/D2-AF720201CHBR-Basin-M.png  ||  https://astralbathware.com/staging/wp-content/uploads/2022/08/D2-AF720201CHBR-Basin-M.png "
" Extension Nipple 75 mm","","250","AF902230CHBR","Flow Type","","Material Type","","Colour ","Chrome","","","","Faucets>Complementory Products>Faucets Accessories ","https://astralbathware.com/staging/wp-content/uploads/2022/08/D2-AF720201CHBR-Basin-M.png  ||  https://astralbathware.com/staging/wp-content/uploads/2022/08/D2-AF720201CHBR-Basin-M.png "
" Extension Nipple 100 mm","","300","AF902240CHBR","Flow Type","","Material Type","","Colour ","Chrome","","","","Faucets>Complementory Products>Faucets Accessories ","https://astralbathware.com/staging/wp-content/uploads/2022/08/D2-AF720201CHBR-Basin-M.png  ||  https://astralbathware.com/staging/wp-content/uploads/2022/08/D2-AF720201CHBR-Basin-M.png "
" Extension Nipple 150 mm","","500","AF902260CHBR","Flow Type","","Material Type","","Colour ","Chrome","","","","Faucets>Complementory Products>Faucets Accessories ","https://astralbathware.com/staging/wp-content/uploads/2022/08/D2-AF720201CHBR-Basin-M.png  ||  https://astralbathware.com/staging/wp-content/uploads/2022/08/D2-AF720201CHBR-Basin-M.png "
" Connection Pipe PVC-450 mm","","250","AF901702XXPV","Flow Type","","Material Type","","Colour ","Chrome","","","","Faucets>Complementory Products>Faucets Accessories ","https://astralbathware.com/staging/wp-content/uploads/2022/08/D2-AF720201CHBR-Basin-M.png  ||  https://astralbathware.com/staging/wp-content/uploads/2022/08/D2-AF720201CHBR-Basin-M.png "
" Connection Pipe PVC-600 mm","","300","AF901703XXPV","Flow Type","","Material Type","","Colour ","Chrome","","","","Faucets>Complementory Products>Faucets Accessories ","https://astralbathware.com/staging/wp-content/uploads/2022/08/D2-AF720201CHBR-Basin-M.png  ||  https://astralbathware.com/staging/wp-content/uploads/2022/08/D2-AF720201CHBR-Basin-M.png "
" Connection Pipe SS-450 mm","","700","AF901702XXSS","Flow Type","","Material Type","","Colour ","Chrome","","","","Faucets>Complementory Products>Faucets Accessories ","https://astralbathware.com/staging/wp-content/uploads/2022/08/D2-AF720201CHBR-Basin-M.png  ||  https://astralbathware.com/staging/wp-content/uploads/2022/08/D2-AF720201CHBR-Basin-M.png "
" Floor Drainer 125 mm SS","","700","AF902101CHSS","Flow Type","","Material Type","","Colour ","Chrome","","","","Faucets>Complementory Products>Floor Drainers","https://astralbathware.com/staging/wp-content/uploads/2022/08/D2-AF720201CHBR-Basin-M.png  ||  https://astralbathware.com/staging/wp-content/uploads/2022/08/D2-AF720201CHBR-Basin-M.png "
" Floor Drainer with Anti-cockroach Trap 125 mm SS","","1200","AF902103CHSS","Flow Type","","Material Type","","Colour ","Chrome","","","","Faucets>Complementory Products>Floor Drainers","https://astralbathware.com/staging/wp-content/uploads/2022/08/D2-AF720201CHBR-Basin-M.png  ||  https://astralbathware.com/staging/wp-content/uploads/2022/08/D2-AF720201CHBR-Basin-M.png "
" Floor Drainer150 mm SS","","800","AF902104CHSS","Flow Type","","Material Type","","Colour ","Chrome","","","","Faucets>Complementory Products>Floor Drainers","https://astralbathware.com/staging/wp-content/uploads/2022/08/D2-AF720201CHBR-Basin-M.png  ||  https://astralbathware.com/staging/wp-content/uploads/2022/08/D2-AF720201CHBR-Basin-M.png "
" Floor Drainer with Anti-cockroach Trap 150 mm SS","","1300","AF902105CHSS","Flow Type","","Material Type","","Colour ","Chrome","","","","Faucets>Complementory Products>Floor Drainers","https://astralbathware.com/staging/wp-content/uploads/2022/08/D2-AF720201CHBR-Basin-M.png  ||  https://astralbathware.com/staging/wp-content/uploads/2022/08/D2-AF720201CHBR-Basin-M.png "
" Clinical Pillar Cock","","2350","AF901501CHBR","Flow Type","","Material Type","","Colour ","Chrome","","","","Faucets>Clinical Faucets & Pressmatics","https://astralbathware.com/staging/wp-content/uploads/2022/08/D2-AF720201CHBR-Basin-M.png  ||  https://astralbathware.com/staging/wp-content/uploads/2022/08/D2-AF720201CHBR-Basin-M.png "
" Clinical Basin Mixer Single Lever","","4150","AF901502CHBR","Flow Type","","Material Type","","Colour ","Chrome","","","","Faucets>Clinical Faucets & Pressmatics","https://astralbathware.com/staging/wp-content/uploads/2022/08/D2-AF720201CHBR-Basin-M.png  ||  https://astralbathware.com/staging/wp-content/uploads/2022/08/D2-AF720201CHBR-Basin-M.png "
" Clinical Bib Cock","","2450","AF901556CHBR","Flow Type","","Material Type","","Colour ","Chrome","","","","Faucets>Clinical Faucets & Pressmatics","https://astralbathware.com/staging/wp-content/uploads/2022/08/D2-AF720201CHBR-Basin-M.png  ||  https://astralbathware.com/staging/wp-content/uploads/2022/08/D2-AF720201CHBR-Basin-M.png "
" Pressmatic Pillar Cock","","2400","AF901101CHBR","Flow Type","","Material Type","","Colour ","Chrome","","","","Faucets>Clinical Faucets & Pressmatics","https://astralbathware.com/staging/wp-content/uploads/2022/08/D2-AF720201CHBR-Basin-M.png  ||  https://astralbathware.com/staging/wp-content/uploads/2022/08/D2-AF720201CHBR-Basin-M.png "
" Pressmatic Bib Cock","","2500","AF901156CHBR","Flow Type","","Material Type","","Colour ","Chrome","","","","Faucets>Clinical Faucets & Pressmatics","https://astralbathware.com/staging/wp-content/uploads/2022/08/D2-AF720201CHBR-Basin-M.png  ||  https://astralbathware.com/staging/wp-content/uploads/2022/08/D2-AF720201CHBR-Basin-M.png "
" Pressmatic Angle Valve","","2200","AF901166CHBR","Flow Type","","Material Type","","Colour ","Chrome","","","","Faucets>Clinical Faucets & Pressmatics","https://astralbathware.com/staging/wp-content/uploads/2022/08/D2-AF720201CHBR-Basin-M.png  ||  https://astralbathware.com/staging/wp-content/uploads/2022/08/D2-AF720201CHBR-Basin-M.png "
" Pressmatic Self Closing Angle Cock for Urinal with Flange & Connecting Pipe","","2450","AF901170CHBR","Flow Type","","Material Type","","Colour ","Chrome","","","","Faucets>Clinical Faucets & Pressmatics","https://astralbathware.com/staging/wp-content/uploads/2022/08/D2-AF720201CHBR-Basin-M.png  ||  https://astralbathware.com/staging/wp-content/uploads/2022/08/D2-AF720201CHBR-Basin-M.png "
